scenario,house_type,family_type,location,area,room,source_type,source_node,edge_type,target_type,target_node
1,단독주택,신혼부부,제주도,60,전체(집),cause,라떼 입양,motivation,action,단독주택 필요성 인식
1,단독주택,신혼부부,제주도,60,전체(집),action,단독주택 단지 여러 번 답사,motivation,action,정보 수집 및 이사 검토
1,단독주택,신혼부부,제주도,60,전체(집),cause,아파트에서 반려견 활동 제약 느낌,motivation,action,마당 있는 집 선호 강화
1,단독주택,신혼부부,제주도,60,전체(집),cause,지인의 단독주택 방문 경험,motivation,action,주택 짓기로 결심
1,단독주택,신혼부부,제주도,60,전체(집),action,단독주택 건축 결정,result,result,주택 특유의 여유·평온 경험
1,단독주택,신혼부부,제주도,60,전체(집),cause,코로나로 거리두기 일상화,motivation,action,집 내부 공간 활용 극대화
1,단독주택,신혼부부,제주도,60,전체(집),cause,집은 바꾸기 어려운 장기 자산,motivation,action,외관·외장재 우선 설계 기준 설정
1,단독주택,신혼부부,제주도,60,전체(집),cause,내가 원하는 집에 살아야 애착 형성,motivation,action,취향 명확화 및 일관된 의사결정
1,단독주택,신혼부부,제주도,60,전체(집),cause,예산 제약,constrain,action,"방은 작게, 공용 공간은 크게 설계"
1,단독주택,신혼부부,제주도,60,전체(집),action,공용 크고 방 작게 설계,result,result,거실·주방 시원한 개방감 확보
1,단독주택,신혼부부,제주도,60,전체(집),cause,자연과 가까운 삶 희망,motivation,action,큰 창·중정·조경 계획 반영
1,단독주택,신혼부부,제주도,60,외관,cause,외관은 한 번 지으면 바꾸기 어려움,motivation,action,외관 설계 초안 유지
1,단독주택,신혼부부,제주도,60,외관,cause,화이트+우드 조합 선호,selection,action,화이트 벽돌 + 루버 조합 채택
1,단독주택,신혼부부,제주도,60,외관,cause,벽돌의 견고·무게감 선호,selection,action,외장재로 벽돌 타일 선택
1,단독주택,신혼부부,제주도,60,외관,cause,유지보수 우려 제기,constrain,action,세라믹 사이딩 검토
1,단독주택,신혼부부,제주도,60,외관,cause,원하는 분위기엔 벽돌 타일 필수,motivation,action,세라믹 대신 벽돌 타일 고수
1,단독주택,신혼부부,제주도,60,외관,action,벽돌 타일 시공,result,result,견고하고 단단한 외관 구현
1,단독주택,신혼부부,제주도,60,외관,cause,루버의 질감 선호,selection,action,루버 요소를 내외부 디자인에 연속 적용
1,단독주택,신혼부부,제주도,60,외관,action,전문가의 마감 공력 투입,result,result,시간 경과해도 멋이 담기는 외관 완성
1,단독주택,신혼부부,제주도,60,외관,cause,방부목 색의 에이징 미감 수용,selection,action,방부목 채택 및 컬러 도장
1,단독주택,신혼부부,제주도,60,구성,action,2층 목조 주택 계획,result,result,약 60평 규모 주택 완성
1,단독주택,신혼부부,제주도,60,구성,action,본관(거실·부엌)과 별관(게스트룸·욕실·피트니스) 분리,result,result,중정을 통한 동선 분절 및 프라이버시 강화
1,단독주택,신혼부부,제주도,60,구성,cause,손님 프라이버시 보호 필요,motivation,action,게스트용 화장실을 별관에 배치
1,단독주택,신혼부부,제주도,60,구성,action,게스트룸·피트니스룸이 화장실 공유,result,result,공간 효율화 및 배관 집중
1,단독주택,신혼부부,제주도,60,중정,cause,어디서나 바깥 조망 희망,motivation,action,거실 주변에 큰 창 다수 계획
1,단독주택,신혼부부,제주도,60,중정,action,중정 설치,result,result,거실 어디서나 외부 조망 및 채광 확보
1,단독주택,신혼부부,제주도,60,창호,cause,답답함을 싫어함,motivation,action,커튼 최소화 및 통창 계획
1,단독주택,신혼부부,제주도,60,창호,action,침실 앞 통창 설치,result,result,작은 침실에도 개방감·채광 확보
1,단독주택,신혼부부,제주도,60,거실,cause,거실 체류시간 많음,motivation,action,거실을 크게·층고 높게 설계
1,단독주택,신혼부부,제주도,60,거실,action,층고 상승 및 실링팬 적용,result,result,이국적 공간감 연출
1,단독주택,신혼부부,제주도,60,거실,cause,동남아 모던 무드 의도,selection,action,"가구는 심플, 러그·식물·소품은 현지 무드로 선택"
1,단독주택,신혼부부,제주도,60,거실,action,태국산 식탁·스툴 구매,result,result,거실 컨셉 강화
1,단독주택,신혼부부,제주도,60,거실,cause,중정과 조경의 계절감 연출,motivation,action,큰 통창 앞 소파 배치
1,단독주택,신혼부부,제주도,60,거실,action,큰 통창 앞 소파 누워 벚꽃 감상,result,result,실내에서 사계 감상하는 휴식 경험
1,단독주택,신혼부부,제주도,60,서재,cause,남편의 독서·음악 취향,selection,action,2층 서재를 남편 전용 공간으로 계획
1,단독주택,신혼부부,제주도,60,서재,action,서재에 리클라이너·수백 장 CD 배치,result,result,조용한 독서·음악 감상 환경 제공
1,단독주택,신혼부부,제주도,60,서재,action,2층 서재에서 1층 거실 조망,result,result,수직적 시야 확장과 공간 연결감
1,단독주택,신혼부부,제주도,60,침실,cause,서로 다른 출근 시간·수면 간섭 최소화,motivation,action,침실 최소 크기 설계
1,단독주택,신혼부부,제주도,60,침실,action,침실을 침대 1개 크기로 계획,result,result,작지만 안락한 수면 환경
1,단독주택,신혼부부,제주도,60,침실,action,통창으로 중정 조망 확보,result,result,작은 방 답답함 해소
1,단독주택,신혼부부,제주도,60,드레스룸/마스터욕실,cause,호텔·온천 취향 반영,selection,action,큰 창과 노천탕 느낌 계획
1,단독주택,신혼부부,제주도,60,드레스룸/마스터욕실,action,세면·샤워 단차 설계,result,result,세면공간 건식 사용
1,단독주택,신혼부부,제주도,60,드레스룸/마스터욕실,cause,외부 루버 질감 실내 연속성 의도,motivation,action,목재 질감의 타일로 벽 마감
1,단독주택,신혼부부,제주도,60,드레스룸/마스터욕실,action,목재 느낌 타일 선택,result,result,동남아 리조트 감성 구현
1,단독주택,신혼부부,제주도,60,부엌,cause,보이는 물건 최소화 희망,motivation,action,상부장 배제·아일랜드로 수납 확보
1,단독주택,신혼부부,제주도,60,부엌,action,긴 싱크대 + 양면 수납 아일랜드 설치,result,result,미니멀한 주방 동선·정리 용이
1,단독주택,신혼부부,제주도,60,부엌,action,냉장고·식기세척기·밥솥 빌트인,result,result,일체감 있는 파사드 형성
1,단독주택,신혼부부,제주도,60,부엌,cause,상판은 깔끔하지만 가벼워 보이지 않게,selection,action,세라믹 상판 선택
1,단독주택,신혼부부,제주도,60,부엌,action,밝은 나무 싱크대 채택,result,result,바닥 타일·가구와 조화로운 톤 매칭
1,단독주택,신혼부부,제주도,60,조경,cause,큰 통창 앞 사계 연출 욕구,selection,action,왕벚나무 식재
1,단독주택,신혼부부,제주도,60,조경,action,왕벚나무 식재,result,result,하얀 벽돌·벚꽃·큰 창이 만드는 진입 경관 형성
1,단독주택,신혼부부,제주도,60,조경,cause,강아지 활동성 고려,constrain,action,메인 마당에 잔디 시공
1,단독주택,신혼부부,제주도,60,조경,cause,심플한 정원 취향,selection,action,중정에는 자갈·그라스 위주로 구성
1,단독주택,신혼부부,제주도,60,조경,action,중정에 단풍나무 한 그루 식재,result,result,소파에서 액자 같은 계절 변화 감상
1,단독주택,신혼부부,제주도,60,수영장,cause,라떼 수영 즐김,motivation,action,라떼 맞춤 크기·깊이의 수영장 설계
1,단독주택,신혼부부,제주도,60,수영장,action,온수 지원 수영장 시공,result,result,쌀쌀한 날에도 사용 가능
1,단독주택,신혼부부,제주도,60,수영장,action,수심 얕게 계획,result,result,어린 조카 이용 시 안전성 확보
1,단독주택,신혼부부,제주도,60,수영장,action,수영장·마당을 오가며 활동,result,result,가족 여가 만족도 상승
1,단독주택,신혼부부,제주도,60,수영장,cause,관리 난이도 존재,constrain,action,관리 부담 수용하며 유지 결정
1,단독주택,신혼부부,제주도,60,피트니스룸,cause,남편의 웨이트 운동 루틴,motivation,action,맞춤 제작 운동기구 도입
1,단독주택,신혼부부,제주도,60,피트니스룸,action,남편 전용 헬스장 구성,result,result,일상적 운동 실천 용이
1,단독주택,신혼부부,제주도,60,별관,cause,방문객 프라이버시 보장,motivation,action,게스트룸과 욕실을 별관에 분리 배치
1,단독주택,신혼부부,제주도,60,게스트룸,action,큰 붙박이장·퀸 침대 배치,result,result,숙박 편의성 확보
1,단독주택,신혼부부,제주도,60,화장실(별관),action,게스트·피트니스룸 공용 동선,result,result,사용 구역 분리로 본관 프라이버시 강화
1,단독주택,신혼부부,제주도,60,가구,cause,라떼 털빠짐·발톱 긁힘·오염,constrain,action,발수·내오염·이지클린 소파 구매
1,단독주택,신혼부부,제주도,60,가구,action,밝은 톤 소파 선택,result,result,떼까사 전체 톤과 조화
1,단독주택,신혼부부,제주도,60,가구,action,기능성 패브릭 가구 채택,result,result,반려동물 가정의 관리 용이성 확보
1,단독주택,신혼부부,제주도,60,재료,cause,미끄럼 위험 최소화 필요,constrain,action,미끄러짐 적은 타일 선택
1,단독주택,신혼부부,제주도,60,운영,action,아침 햇살 들어오는 주방 활용,result,result,벚나무 그림자 연출로 정서적 만족
1,단독주택,신혼부부,제주도,60,운영,action,거실에서 식사·대화 즐김,result,result,공용 공간 중심의 생활 패턴 확립
1,단독주택,신혼부부,제주도,60,운영,action,큰 창 앞 소파에서 벚꽃 감상,result,result,집 안에서 소확행 경험
1,단독주택,신혼부부,제주도,60,복층,cause,공용과 사적 공간 분리 의도,motivation,action,2층은 가족 전용·1층은 공용으로 계획
1,단독주택,신혼부부,제주도,60,복층,action,1층에서 2층 공간 노출 최소화,result,result,급 방문 시 2층 청소 부담 감소
1,단독주택,신혼부부,제주도,60,의사결정,cause,전문가 조언과 취향의 균형 필요,motivation,action,취향을 분명히 하고 핵심 요소는 고수
1,단독주택,신혼부부,제주도,60,의사결정,action,외관 핵심 재료 고수(벽돌 타일),result,result,원하던 분위기 정확히 구현
1,단독주택,신혼부부,제주도,60,반려동물,cause,라떼는 가족 구성원,motivation,action,식물·가구·마감 모두 반려동물 친화적으로 선택
1,단독주택,신혼부부,제주도,60,반려동물,action,강아지에 해롭지 않은 식재 선택,result,result,안전한 마당 환경 조성
1,단독주택,신혼부부,제주도,60,반려동물,action,수영 후 젖은 몸 이동 고려,constrain,action,내오염성 높은 가구·마감 선택
1,단독주택,신혼부부,제주도,60,반려동물,action,마당 왕래 빈번·여름 잦은 수영,result,result,기존 소파 오염 → 기능성 소파로 교체
1,단독주택,신혼부부,제주도,60,외관,cause,화이트 벽돌과 루버 혼합 매스 선호,motivation,action,네모반듯한 입면 구성
1,단독주택,신혼부부,제주도,60,외관,cause,세라믹 사이딩 실용성 장점 인지,constrain,action,미관 우선으로 대안 보류
1,단독주택,신혼부부,제주도,60,거실,action,큰 창 다량 배치,result,result,실내 채광·조망 극대화
1,단독주택,신혼부부,제주도,60,거실,action,실링팬 설치,result,result,상부 체감 온도 조절·공기순환 개선
1,단독주택,신혼부부,제주도,60,부엌,action,상부장 미설치,result,result,시야 개방과 시각적 미니멀리즘
1,단독주택,신혼부부,제주도,60,부엌,action,빌트인 가전 일체화,result,result,파사드 정돈·가전 노출 최소화
1,단독주택,신혼부부,제주도,60,조경,action,중정 자갈 포장,result,result,유지관리 부담 완화·심플 미감
1,단독주택,신혼부부,제주도,60,조경,action,단풍나무 1그루 포인트,result,result,계절감 포인트 연출
1,단독주택,신혼부부,제주도,60,침실,action,통창 배치,result,result,채광 확보·공간 확장감
1,단독주택,신혼부부,제주도,60,마스터욕실,action,목재 질감 타일,result,result,습식 공간에서도 리조트 무드 구현
1,단독주택,신혼부부,제주도,60,수영장,action,온수 시스템,result,result,사계절 활용도 증대
1,단독주택,신혼부부,제주도,60,피트니스룸,action,맞춤 기구 배치,result,result,운동 루틴 지속 가능성 향상
1,단독주택,신혼부부,제주도,60,서재,action,리클라이너 배치,result,result,장시간 독서·청취 쾌적성 향상
1,단독주택,신혼부부,제주도,60,거실,cause,동남아 무드 소품 직접 공수,selection,action,현지감 있는 데코 완성
1,단독주택,신혼부부,제주도,60,거실,cause,라떼 침대도 동남아 무드로 선택,selection,action,공간 컨셉 일관성 강화
1,단독주택,신혼부부,제주도,60,부엌,cause,밝은 우드 톤 선택,selection,action,바닥 타일·가구와 자연스러운 조화
1,단독주택,신혼부부,제주도,60,외관,cause,방부목 색상 선택,selection,action,시간 경과의 멋 수용
1,단독주택,신혼부부,제주도,60,조경,cause,왕벚나무(겹벚꽃 대신 왕벚) 채택,selection,action,부지·환경 적합성과 스케일 매칭
1,단독주택,신혼부부,제주도,60,조경,cause,강아지 활동성으로 중정 자갈만으론 부족,constrain,action,메인 마당은 잔디로 결정
1,단독주택,신혼부부,제주도,60,가구,cause,오염·긁힘·물기 빈번,constrain,action,기능성 패브릭 채택
1,단독주택,신혼부부,제주도,60,운영,cause,수영장 관리 난이도 높음,constrain,action,관리 루틴 수용·유지
1,단독주택,신혼부부,제주도,60,거실,action,큰 통창·중정 조합,result,result,실내에서 사계절 풍경 감상
1,단독주택,신혼부부,제주도,60,부엌,action,수납 최적화·노출 최소화,result,result,정돈된 미니멀 주방 경험
1,단독주택,신혼부부,제주도,60,외관,action,벽돌·루버 조합,result,result,견고함과 따뜻한 질감 공존
1,단독주택,신혼부부,제주도,60,마스터욕실,action,노천탕 느낌 구현,result,result,휴양지 같은 목욕 경험
1,단독주택,신혼부부,제주도,60,조경,action,왕벚나무·단풍나무 포인트,result,result,계절별 장면 전환으로 정서적 만족 증가
1,단독주택,신혼부부,제주도,60,수영장,action,라떼 맞춤 수영장,result,result,반려견 행복·가족 놀이 증가
1,단독주택,신혼부부,제주도,60,거실,cause,TV 보며 식사하는 시간 선호,motivation,action,식탁 중심 배치
1,단독주택,신혼부부,제주도,60,거실,cause,거실·주방 뻥 뚫린 구조 요청,motivation,action,파티형 공용공간 구현
1,단독주택,신혼부부,제주도,60,창호,cause,큰 창 다량 설치,motivation,result,거실 어디서나 외부 조망
1,단독주택,신혼부부,제주도,60,중정,cause,야간 조명 연출,motivation,result,숨어 있는 정원 분위기
1,단독주택,신혼부부,제주도,60,별관,cause,중정을 통과해야 출입,motivation,action,본관·별관 프라이버시 강화
1,단독주택,신혼부부,제주도,60,서재,cause,아침 재즈 감상 루틴,motivation,action,감성적 하루 시작
1,단독주택,신혼부부,제주도,60,운영,cause,마당에서 커피 타임,motivation,action,자연 속 휴식 루틴 확립
2,단독주택,아이가있는집,null,60,전체(집),cause,남향 ㄷ자 배치로 채광과 마당 활용을 극대화하고 싶음,selection,action,남향 ㄷ자 배치 채택
2,단독주택,아이가있는집,null,60,전체(집),action,남향 ㄷ자 배치 채택,result,result,마당과 실내 채광 극대화
2,단독주택,아이가있는집,null,60,전체(집),cause,주차 규정상 2대 확보 필요,constrain,action,대문과 주차장 구획 명확히 설계
2,단독주택,아이가있는집,null,60,전체(집),action,대문과 주차장 구획 명확히 설계,result,result,법정 주차대수 충족
2,단독주택,아이가있는집,null,60,정원/마당/데크,cause,야외 생활과 아이 놀이가 가능한 외부 공간 원함,motivation,action,"석재 데크와 잔디, 조경 계획"
2,단독주택,아이가있는집,null,60,정원/마당/데크,action,"석재 데크와 잔디, 조경 계획",result,result,야외 놀이·관찰·휴식이 가능한 정원 완성
2,단독주택,아이가있는집,null,60,정원/마당/데크,cause,간결한 조경으로 유지관리 부담을 낮추고 싶음,selection,action,바위 두 개와 청단풍 중심의 단정한 조경
2,단독주택,아이가있는집,null,60,정원/마당/데크,action,바위 두 개와 청단풍 중심의 단정한 조경,result,result,관리 용이성과 시각적 포인트 확보
2,단독주택,아이가있는집,null,60,정원/마당/데크,cause,밤에도 고즈넉한 분위기를 연출하고 싶음,selection,action,외부 벽등을 센스 있게 배치
2,단독주택,아이가있는집,null,60,정원/마당/데크,action,외부 벽등을 센스 있게 배치,result,result,저조도에서도 고요한 분위기 구현
2,단독주택,아이가있는집,null,60,정원/마당/데크,cause,봄철 벚꽃 뷰를 실내로 끌어들이고 싶음,selection,action,정원 동선과 창 배치 조정
2,단독주택,아이가있는집,null,60,정원/마당/데크,action,정원 동선과 창 배치 조정,result,result,실내에서 벚꽃 경관 감상 가능
2,단독주택,아이가있는집,null,60,외장,cause,외장을 벽돌로 하고 싶었음,constrain,action,유지보수 고려해 세라믹 사이딩 베이지색 선택
2,단독주택,아이가있는집,null,60,외장,action,유지보수 고려해 세라믹 사이딩 베이지색 선택,result,result,외벽이 늘 새 것처럼 깨끗하게 유지
2,단독주택,아이가있는집,null,60,외장,cause,세라믹 사이딩은 타 외장재 대비 단열이 다소 낮음,constrain,action,세라믹 사이딩 사용 후 보완 고려
2,단독주택,아이가있는집,null,60,외장,action,세라믹 사이딩 사용 후 보완 고려,result,result,겨울 체감온도 소폭 하락 가능성
2,단독주택,아이가있는집,null,60,외장,cause,건물 얼굴을 담백하게 보이고 싶음,selection,action,세라믹 사이딩의 미색 톤 선택
2,단독주택,아이가있는집,null,60,외장,action,세라믹 사이딩의 미색 톤 선택,result,result,담백하고 깔끔한 외관 연출
2,단독주택,아이가있는집,null,60,외장,cause,입면에서 과도한 장식을 피하고 싶음,selection,action,단순 재료 대비와 비례 설계
2,단독주택,아이가있는집,null,60,외장,action,단순 재료 대비와 비례 설계,result,result,정갈하고 묵직한 인상 형성
2,단독주택,아이가있는집,null,60,대문,cause,사방이 집으로 둘러싸여 정면 노출이 어려움,motivation,action,대문에 힘을 주는 디자인 전략 채택
2,단독주택,아이가있는집,null,60,대문,action,대문에 힘을 주는 디자인 전략 채택,result,result,진입 인상 강화 및 아이덴티티 확보
2,단독주택,아이가있는집,null,60,대문,cause,외부 시선 차단과 일부 투과를 동시에 원함,selection,action,스테인리스 스틸 루버 어둡게 코팅
2,단독주택,아이가있는집,null,60,대문,action,스테인리스 스틸 루버 어둡게 코팅,result,result,"대문·주차장만 투과, 내부 프라이버시 확보"
2,단독주택,아이가있는집,null,60,대문,cause,석양 시 시각적 연출을 원함,selection,action,서측 루버 그림자 길게 드리우는 입면 계획
2,단독주택,아이가있는집,null,60,대문,action,서측 루버 그림자 길게 드리우는 입면 계획,result,result,일몰 시간 아름다운 그림자 효과
2,단독주택,아이가있는집,null,60,대문,cause,외부에서 창 존재를 약화시키고 싶음,motivation,action,루버 뒤 창을 숨기는 배치
2,단독주택,아이가있는집,null,60,대문,action,루버 뒤 창을 숨기는 배치,result,result,"외부 노출 최소화, 내부 시야 확보"
2,단독주택,아이가있는집,null,60,거실,cause,빛이 아주 쏟아지게 들어오길 원함,motivation,action,6m 통창 과감히 배치
2,단독주택,아이가있는집,null,60,거실,action,6m 통창 과감히 배치,result,result,"실내에 햇살 가득, 개방감 증대"
2,단독주택,아이가있는집,null,60,거실,cause,이층 채광도 충분히 확보하고 싶음,motivation,action,2층 6개 픽스창 설치
2,단독주택,아이가있는집,null,60,거실,action,2층 6개 픽스창 설치,result,result,상부 채광 확보로 공간 깊이 강화
2,단독주택,아이가있는집,null,60,거실,cause,자연광 기반의 갤러리 같은 분위기 원함,selection,action,대형 창 면적과 얇은 프레임 선정
2,단독주택,아이가있는집,null,60,거실,action,대형 창 면적과 얇은 프레임 선정,result,result,작품·소재 질감이 잘 드러나는 실내광
2,단독주택,아이가있는집,null,60,거실,cause,봄 벚꽃 시즌 실내 경관 연동 원함,selection,action,창 높이·폭을 벚꽃 시야에 맞춤
2,단독주택,아이가있는집,null,60,거실,action,창 높이·폭을 벚꽃 시야에 맞춤,result,result,창 너머 벚꽃 뷰 연출
2,단독주택,아이가있는집,null,60,현관,cause,답답하지 않으면서 단열도 확보하고 싶음,motivation,action,단열 좋은 무거운 문 + 대형 픽스창 조합
2,단독주택,아이가있는집,null,60,현관,action,단열 좋은 무거운 문 + 대형 픽스창 조합,result,result,시야 개방과 열성능 동시 달성
2,단독주택,아이가있는집,null,60,현관,cause,현관에서 마당을 시원하게 보고 싶음,motivation,action,현관 측면 대형 픽스창 설치
2,단독주택,아이가있는집,null,60,현관,action,현관 측면 대형 픽스창 설치,result,result,마당 전체 시야 확보
2,단독주택,아이가있는집,null,60,아이방,cause,아이에게 하늘·구름·비 감상을 제공하고 싶음,motivation,action,천창 설치
2,단독주택,아이가있는집,null,60,아이방,action,천창 설치,result,result,별·구름·빗방울 관찰 가능
2,단독주택,아이가있는집,null,60,아이방,cause,해질녘 따뜻한 색감을 구현하고 싶음,selection,action,서쪽 창 배치
2,단독주택,아이가있는집,null,60,아이방,action,서쪽 창 배치,result,result,노을빛으로 따뜻한 실내색 구현
2,단독주택,아이가있는집,null,60,아이방,cause,마당·1층 활동을 상시 파악하고 싶음,motivation,action,남쪽 창과 1층 조망 창 배치
2,단독주택,아이가있는집,null,60,아이방,action,남쪽 창과 1층 조망 창 배치,result,result,가족 동선 인지 및 소통 증대
2,단독주택,아이가있는집,null,60,안방,cause,침대에서 하늘과 외부를 느끼고 싶음,selection,action,적정 크기 픽스창 배치
2,단독주택,아이가있는집,null,60,안방,action,적정 크기 픽스창 배치,result,result,누워서도 경관·채광 확보
2,단독주택,아이가있는집,null,60,욕실(2층),cause,욕실 내 채광과 위생성 개선 원함,motivation,action,욕조 옆 대형 픽스창 설치
2,단독주택,아이가있는집,null,60,욕실(2층),action,욕조 옆 대형 픽스창 설치,result,result,자연광 유입으로 습기·세균 억제 도움
2,단독주택,아이가있는집,null,60,거실,cause,수직적 개방감을 극대화하고 싶음,motivation,action,1층–2층 보이드로 천고 약 7m 확보
2,단독주택,아이가있는집,null,60,거실,action,1층–2층 보이드로 천고 약 7m 확보,result,result,공간 스케일 확대 및 채광 심도 증가
2,단독주택,아이가있는집,null,60,거실,cause,프라이버시 유지하며 개방감 확보,selection,action,2층에 유리 벽 설치
2,단독주택,아이가있는집,null,60,거실,action,2층에 유리 벽 설치,result,result,시각적 연속성과 차음·차폐 균형
2,단독주택,아이가있는집,null,60,거실,cause,웅장하고도 부드러운 실내 인상 원함,selection,action,곡선 처리된 벽 다수 적용
2,단독주택,아이가있는집,null,60,거실,action,곡선 처리된 벽 다수 적용,result,result,곡선이 만드는 유려한 광선과 그림자
2,단독주택,아이가있는집,null,60,현관/복도,cause,좁은 복도를 넓게 보이게 하고 싶음,motivation,action,라운드 벽 + 픽스창 조합
2,단독주택,아이가있는집,null,60,현관/복도,action,라운드 벽 + 픽스창 조합,result,result,시각적 폭 확장 효과
2,단독주택,아이가있는집,null,60,거실,cause,집 전체 톤앤매너를 통일하고 싶음,selection,action,화이트·다크우드·블랙·석재 조합 적용
2,단독주택,아이가있는집,null,60,거실,action,화이트·다크우드·블랙·석재 조합 적용,result,result,차분하고 고급스러운 분위기 일관성
2,단독주택,아이가있는집,null,60,거실,cause,겨울철 직달광의 드라마틱한 그림자를 원함,selection,action,남향·창 높이·차양 각도 최적화
2,단독주택,아이가있는집,null,60,거실,action,남향·창 높이·차양 각도 최적화,result,result,실내 나무 그림자 연출
2,단독주택,아이가있는집,null,60,거실,cause,높은 창고에 맞춘 부드러운 연출 원함,selection,action,2층부터 내리는 긴 린넨 커튼 설치
2,단독주택,아이가있는집,null,60,거실,action,2층부터 내리는 긴 린넨 커튼 설치,result,result,분위기 업그레이드 및 눈부심 조절
2,단독주택,아이가있는집,null,60,거실,cause,수직 동선과 시선 제어가 필요함,motivation,action,1–2층 연결 짙은 월넛 파티션 설치
2,단독주택,아이가있는집,null,60,거실,action,1–2층 연결 짙은 월넛 파티션 설치,result,result,동선 정리 및 시각적 통일
2,단독주택,아이가있는집,null,60,거실,cause,매스와 색의 무게중심을 잡고 싶음,selection,action,월넛 파티션·블랙 요소로 대비
2,단독주택,아이가있는집,null,60,거실,action,월넛 파티션·블랙 요소로 대비,result,result,밸런스 있는 톤 조성
2,단독주택,아이가있는집,null,60,1층 공용부,cause,겨울철 바닥 복사난방 효율과 일체감 원함,selection,action,1층 전부 트라버틴 포세린타일 통일
2,단독주택,아이가있는집,null,60,1층 공용부,action,1층 전부 트라버틴 포세린타일 통일,result,result,"난방 시 찜질방처럼 따뜻, 연속적 바닥감"
2,단독주택,아이가있는집,null,60,2층 공용부,cause,비용 절감과 실사용성 중시,constrain,action,2층 바닥 강마루 사용
2,단독주택,아이가있는집,null,60,2층 공용부,action,2층 바닥 강마루 사용,result,result,찍힘 걱정 적고 가성비 확보
2,단독주택,아이가있는집,null,60,거실,cause,아이의 놀이·노래·춤 가능한 따뜻한 영역 필요,motivation,action,거실 중앙 대청마루 설치
2,단독주택,아이가있는집,null,60,거실,action,거실 중앙 대청마루 설치,result,result,아이 활동성↑/겨울 차가운 타일 회피
2,단독주택,아이가있는집,null,60,거실,cause,놀이 후 정리 편의 필요,motivation,action,대청마루 인근 수납계획 강화
2,단독주택,아이가있는집,null,60,거실,action,대청마루 인근 수납계획 강화,result,result,생활 흔적을 감추고 깔끔함 유지
2,단독주택,아이가있는집,null,60,거실,cause,보이는 정돈감을 유지하고 싶음,motivation,action,벽면 전체 수납장 제작
2,단독주택,아이가있는집,null,60,거실,action,벽면 전체 수납장 제작,result,result,완료 후 집이 깨끗해 보임
2,단독주택,아이가있는집,null,60,거실,cause,세모 공간 데드스페이스 활용,motivation,action,세모 공간 깊은 수납장 계획
2,단독주택,아이가있는집,null,60,거실,action,세모 공간 깊은 수납장 계획,result,result,장난감·책 수납으로 활용도↑
2,단독주택,아이가있는집,null,60,거실,cause,빈티지·고재 느낌 가구 선호,selection,action,어두운 톤다운 브라운 위주 가구 배치
2,단독주택,아이가있는집,null,60,거실,action,어두운 톤다운 브라운 위주 가구 배치,result,result,무게감 있는 분위기 형성
2,단독주택,아이가있는집,null,60,2층 거실,cause,한옥 느낌과 수납을 동시에 원함,selection,action,직사각 비례 장 전체 제작
2,단독주택,아이가있는집,null,60,2층 거실,action,직사각 비례 장 전체 제작,result,result,한국적 인상과 수납 기능 결합
2,단독주택,아이가있는집,null,60,2층 거실,cause,컬러 밸런스를 하부에서 상부로 연결,motivation,action,1층에서 보이도록 2층 수납장 배치
2,단독주택,아이가있는집,null,60,2층 거실,action,1층에서 보이도록 2층 수납장 배치,result,result,짙은 브라운의 시각적 균형
2,단독주택,아이가있는집,null,60,주방,cause,요리하면서 거실·정원을 보고 싶음,motivation,action,수전에 앵글을 주는 아일랜드 설계
2,단독주택,아이가있는집,null,60,주방,action,수전에 앵글을 주는 아일랜드 설계,result,result,조리 중에도 조망 확보
2,단독주택,아이가있는집,null,60,주방,cause,소재 연속성을 강조하고 싶음,selection,action,바닥과 동일한 소재로 아일랜드 제작
2,단독주택,아이가있는집,null,60,주방,action,바닥과 동일한 소재로 아일랜드 제작,result,result,일체감과 조형미 강화
2,단독주택,아이가있는집,null,60,주방,cause,트라버틴과의 조화를 원함,selection,action,기하학적(조형적) 아일랜드 디자인
2,단독주택,아이가있는집,null,60,주방,action,기하학적(조형적) 아일랜드 디자인,result,result,예술작품 같은 주방 중심부 형성
2,단독주택,아이가있는집,null,60,주방,cause,톤 밸런스를 잡고 싶음,selection,action,블랙 싱크대로 밝은 베이지 톤과 비율 맞춤
2,단독주택,아이가있는집,null,60,주방,action,블랙 싱크대로 밝은 베이지 톤과 비율 맞춤,result,result,무게중심 형성·시각적 안정감
2,단독주택,아이가있는집,null,60,주방,cause,한옥스럽고 정갈한 문양 원함,selection,action,간살문 도어 사용
2,단독주택,아이가있는집,null,60,주방,action,간살문 도어 사용,result,result,기품·개방감 동시 확보
2,단독주택,아이가있는집,null,60,주방,cause,파티션은 하되 막힘은 피하고 싶음,motivation,action,반투명·개방형 간살문 적용
2,단독주택,아이가있는집,null,60,주방,action,반투명·개방형 간살문 적용,result,result,공간 분절과 개방감 균형
2,단독주택,아이가있는집,null,60,다이닝룸,cause,재택근무 집중 공간 필요,motivation,action,다이닝룸을 홈오피스로 전환
2,단독주택,아이가있는집,null,60,다이닝룸,action,다이닝룸을 홈오피스로 전환,result,result,집중도↑ 분위기↑ 업무 만족도↑
2,단독주택,아이가있는집,null,60,다이닝룸,cause,자연 치유 환경을 원함,selection,action,라일락 뷰를 향한 책상 배치
2,단독주택,아이가있는집,null,60,다이닝룸,action,라일락 뷰를 향한 책상 배치,result,result,멍 때리며 머리 식히기 수월
2,단독주택,아이가있는집,null,60,다이닝룸,cause,빛의 퍼짐이 고요한 조도 원함,selection,action,벽등 광배치 최적화
2,단독주택,아이가있는집,null,60,다이닝룸,action,벽등 광배치 최적화,result,result,고요한 조명 환경 조성
2,단독주택,아이가있는집,null,60,현관,cause,개방감과 동선 안내 필요,motivation,action,문을 열면 갤러리창·라운드 벽이 보이게 배치
2,단독주택,아이가있는집,null,60,현관,action,문을 열면 갤러리창·라운드 벽이 보이게 배치,result,result,진입 시 시선 유도와 공간 인상 강화
2,단독주택,아이가있는집,null,60,현관,cause,문 미닫힘으로 사용자 편의·안전 강화,motivation,action,자동으로 천천히 닫히도록 세팅
2,단독주택,아이가있는집,null,60,현관,action,자동으로 천천히 닫히도록 세팅,result,result,문 열림 방치 방지/단열 유지
2,단독주택,아이가있는집,null,60,현관,cause,좌우 동선 분기 명확화,selection,action,좌측 파우더·욕실/우측 게스트룸 배치
2,단독주택,아이가있는집,null,60,현관,action,좌측 파우더·욕실/우측 게스트룸 배치,result,result,직관적 동선 확보
2,단독주택,아이가있는집,null,60,게스트룸,cause,네모 방을 피하고 특별한 공간감 원함,selection,action,앵글이 진 5각형 방 계획
2,단독주택,아이가있는집,null,60,게스트룸,action,앵글이 진 5각형 방 계획,result,result,비정형 공간 경험 제공
2,단독주택,아이가있는집,null,60,게스트룸,cause,비정형으로 가구 배치 어려움,constrain,action,붙박이장 설치
2,단독주택,아이가있는집,null,60,게스트룸,action,붙박이장 설치,result,result,수납 효율과 벽면 정리
2,단독주택,아이가있는집,null,60,게스트룸,cause,라일락 나무 조망 원함,selection,action,통창 배치
2,단독주택,아이가있는집,null,60,게스트룸,action,통창 배치,result,result,게스트룸에서도 정원 뷰 제공
2,단독주택,아이가있는집,null,60,파우더룸,cause,욕실 전 건식 영역 필요,motivation,action,픽스창 앞 건식 파우더룸 배치
2,단독주택,아이가있는집,null,60,파우더룸,action,픽스창 앞 건식 파우더룸 배치,result,result,습식·건식 분리로 쾌적성↑
2,단독주택,아이가있는집,null,60,욕실(1층),cause,곡선미와 공간 연결감 강조,selection,action,라운드 벽 설계 (뒤쪽은 현관)
2,단독주택,아이가있는집,null,60,욕실(1층),action,라운드 벽 설계 (뒤쪽은 현관),result,result,동선 흐름과 조형미 동시 확보
2,단독주택,아이가있는집,null,60,욕실(1층),cause,오후 햇빛으로 분위기 연출 원함,selection,action,큰 창에서 들어오는 빛 활용
2,단독주택,아이가있는집,null,60,욕실(1층),action,큰 창에서 들어오는 빛 활용,result,result,신기한 그림자 패턴 생성
2,단독주택,아이가있는집,null,60,욕실(1층),cause,미닫이로 개폐 편의와 폭 제어,selection,action,목수 제작 미닫이문 설치
2,단독주택,아이가있는집,null,60,욕실(1층),action,목수 제작 미닫이문 설치,result,result,맞춤 치수/질감/동선 최적화
2,단독주택,아이가있는집,null,60,거실,cause,높은 공간 스케일에 부드러운 텍스처 부여,selection,action,아주 긴 린넨 코튼 커튼 설치
2,단독주택,아이가있는집,null,60,거실,action,아주 긴 린넨 코튼 커튼 설치,result,result,음영 완화와 고급스러운 드레이프
2,단독주택,아이가있는집,null,60,계단/벽,cause,상하층의 디자인 연속성,selection,action,이층으로 올라가는 벽도 곡선 처리
2,단독주택,아이가있는집,null,60,계단/벽,action,이층으로 올라가는 벽도 곡선 처리,result,result,전체 곡선 레이어 일관성
2,단독주택,아이가있는집,null,60,바닥,cause,층간 소재·색 통일로 연속성 강화,selection,action,1층 대청마루와 2층 바닥 컬러 통일
2,단독주택,아이가있는집,null,60,바닥,action,1층 대청마루와 2층 바닥 컬러 통일,result,result,전층 시각적 연결감
2,단독주택,아이가있는집,null,60,2층 갤러리창,cause,북향 경관 차분히 수용,selection,action,북측을 향한 갤러리창 배치
2,단독주택,아이가있는집,null,60,2층 갤러리창,action,북측을 향한 갤러리창 배치,result,result,균일한 확산광 유입
2,단독주택,아이가있는집,null,60,2층 갤러리창,cause,인접 대지 신축 대비,constrain,action,뷰 소실 전 사진 기록 및 계획 반영
2,단독주택,아이가있는집,null,60,2층 갤러리창,action,뷰 소실 전 사진 기록 및 계획 반영,result,result,프라이버시·채광 보완 전략 수립
2,단독주택,아이가있는집,null,60,2층 거실,cause,개방감 유지하며 안전성 필요,motivation,action,유리 벽으로 공간 분절
2,단독주택,아이가있는집,null,60,2층 거실,action,유리 벽으로 공간 분절,result,result,개방감 유지·낙상 방지
2,단독주택,아이가있는집,null,60,2층 거실,cause,한국적 감성과 재료감 표현,selection,action,짙은 다크 브라운 스테인 도장
2,단독주택,아이가있는집,null,60,2층 거실,action,짙은 다크 브라운 스테인 도장,result,result,온기감·무게감 강화
2,단독주택,아이가있는집,null,60,2층 거실,cause,오브제로 장식 가능한 선반장 필요,motivation,action,전체 장 시스템 설치
2,단독주택,아이가있는집,null,60,2층 거실,action,전체 장 시스템 설치,result,result,수납·디스플레이 겸용
2,단독주택,아이가있는집,null,60,아이방,cause,숨은 공간으로 아이 호기심 자극,selection,action,ㄱ/ㄴ자 동선을 따라 코너 공간 구성
2,단독주택,아이가있는집,null,60,아이방,action,ㄱ/ㄴ자 동선을 따라 코너 공간 구성,result,result,놀이·숨기 좋은 포켓 스페이스
2,단독주택,아이가있는집,null,60,아이방,cause,층간 소통과 감시 필요,motivation,action,1층 거실·주방 보이는 창 배치
2,단독주택,아이가있는집,null,60,아이방,action,1층 거실·주방 보이는 창 배치,result,result,부모·아이 상호 모니터링
2,단독주택,아이가있는집,null,60,아이방,cause,향후 침대 배치 고려,selection,action,천창 자리 위에 침대 계획
2,단독주택,아이가있는집,null,60,아이방,action,천창 자리 위에 침대 계획,result,result,취침 시 별 관찰 가능
2,단독주택,아이가있는집,null,60,안방,cause,집 전체 톤앤매너 유지,selection,action,한 면을 짙은 브라운 원목 느낌 마감
2,단독주택,아이가있는집,null,60,안방,action,한 면을 짙은 브라운 원목 느낌 마감,result,result,공간 밸런스·통일감 확보
2,단독주택,아이가있는집,null,60,안방,cause,과도한 개구부 대신 포인트 창 원함,selection,action,소형 픽스창 배치
2,단독주택,아이가있는집,null,60,안방,action,소형 픽스창 배치,result,result,절제된 외광 유입과 프라이버시
2,단독주택,아이가있는집,null,60,드레스룸,cause,합리적 예산으로 수납 완성,constrain,action,이케아 팍스장 직접 조립
2,단독주택,아이가있는집,null,60,드레스룸,action,이케아 팍스장 직접 조립,result,result,비용 절감과 맞춤형 수납
2,단독주택,아이가있는집,null,60,안방,cause,부부와 아이 침대 나란히 배치 필요,motivation,action,헤드 왼쪽 문 뒤 드레스룸 동선 정리
2,단독주택,아이가있는집,null,60,안방,action,헤드 왼쪽 문 뒤 드레스룸 동선 정리,result,result,취침·수납 동선 간섭 최소화
2,단독주택,아이가있는집,null,60,욕실(2층),cause,자연 경관 상실 후 대안 필요,constrain,action,뷰 상실을 채광·살균 용도로 전환
2,단독주택,아이가있는집,null,60,욕실(2층),action,뷰 상실을 채광·살균 용도로 전환,result,result,기능적 만족도 유지
2,단독주택,아이가있는집,null,60,정원/외부,cause,밤에도 정갈한 분위기 유지,selection,action,외벽등 광색·퍼짐 조정
2,단독주택,아이가있는집,null,60,정원/외부,action,외벽등 광색·퍼짐 조정,result,result,고요한 야간 조도 형성
2,단독주택,아이가있는집,null,60,외장,cause,미세 오염에 둔감한 표면 원함,selection,action,세라믹 사이딩 질감·색 선택
2,단독주택,아이가있는집,null,60,외장,action,세라믹 사이딩 질감·색 선택,result,result,오염 시각화 최소화
2,단독주택,아이가있는집,null,60,거실,cause,소재 간 대비 강조,selection,action,석재 바닥 vs 다크 우드·블랙 대비
2,단독주택,아이가있는집,null,60,거실,action,석재 바닥 vs 다크 우드·블랙 대비,result,result,톤 대비로 깊이감 확보
2,단독주택,아이가있는집,null,60,주방,cause,손잡이·라인 간결화,selection,action,미니멀 디테일 적용
2,단독주택,아이가있는집,null,60,주방,action,미니멀 디테일 적용,result,result,시선 분산 줄이고 조형 강조
2,단독주택,아이가있는집,null,60,다이닝룸,cause,짙은 브라운 포인트로 무게감,selection,action,포인트 월·가구 컬러 통일
2,단독주택,아이가있는집,null,60,다이닝룸,action,포인트 월·가구 컬러 통일,result,result,집 전체 컬러 밸런스 유지
2,단독주택,아이가있는집,null,60,1층 공용부,cause,겨울철 체감온도 향상,motivation,action,난방과 열용량 높은 포세린 타일 조합
2,단독주택,아이가있는집,null,60,1층 공용부,action,난방과 열용량 높은 포세린 타일 조합,result,result,장시간 따뜻함 지속
2,단독주택,아이가있는집,null,60,대문,cause,외부에서는 내부를 가리고 내부에서는 외부를 보고 싶음,motivation,action,루버 투과 방향성과 각도 설계
2,단독주택,아이가있는집,null,60,대문,action,루버 투과 방향성과 각도 설계,result,result,일방향성 시각 제어
2,단독주택,아이가있는집,null,60,거실,cause,필요 시 차광·개방 전환,selection,action,커튼 레이어드 구성
2,단독주택,아이가있는집,null,60,거실,action,커튼 레이어드 구성,result,result,상황별 채광/프라이버시 제어
2,단독주택,아이가있는집,null,60,전체(집),cause,설계 의도와 시공 결과 일치 검증,motivation,action,3D 렌더와 실사진 비교
2,단독주택,아이가있는집,null,60,전체(집),action,3D 렌더와 실사진 비교,result,result,약 99% 일치 확인
2,단독주택,아이가있는집,null,60,거실,cause,과감한 개구부로 채광 최적화,motivation,action,거실 통창 길이 6m 확보
2,단독주택,아이가있는집,null,60,거실,action,거실 통창 길이 6m 확보,result,result,대면적 직달광·원경 촬영 가능
2,단독주택,아이가있는집,null,60,전체(집),cause,공간 전반 밝기 목표,motivation,action,전체 창 약 30개 수준 계획
2,단독주택,아이가있는집,null,60,전체(집),action,전체 창 약 30개 수준 계획,result,result,햇살 부자 집 구현
2,단독주택,아이가있는집,null,60,외장,cause,루버로 패턴성 연출,selection,action,서측 루버 그림자 길게 투영
2,단독주택,아이가있는집,null,60,외장,action,서측 루버 그림자 길게 투영,result,result,시간대별 입면 표정 변화
2,단독주택,아이가있는집,null,60,욕실(1층),cause,자연광으로 장식적 효과 창출,selection,action,오후 빛이 만드는 그림자 활용
2,단독주택,아이가있는집,null,60,욕실(1층),action,오후 빛이 만드는 그림자 활용,result,result,벽면에 패턴 그림자 연출
2,단독주택,아이가있는집,null,60,현관,cause,무게감 있는 문으로 단열·차음 강화,motivation,action,창호사 단열 문 채택
2,단독주택,아이가있는집,null,60,현관,action,창호사 단열 문 채택,result,result,열손실·소음 저감
2,단독주택,아이가있는집,null,60,현관,cause,사용성 향상,selection,action,소프트 클로징(천천히 자동 닫힘) 세팅
2,단독주택,아이가있는집,null,60,현관,action,소프트 클로징(천천히 자동 닫힘) 세팅,result,result,손놓음 사고 방지·편의↑
2,단독주택,아이가있는집,null,60,현관/거실,cause,진입 시 시선의 흐름 설계,motivation,action,갤러리창 위치를 정면 축에 배치
2,단독주택,아이가있는집,null,60,현관/거실,action,갤러리창 위치를 정면 축에 배치,result,result,들어오자마자 뷰 포착
2,단독주택,아이가있는집,null,60,현관/거실,cause,현관에서 거실 시작부를 암시,selection,action,라운드 벽으로 방향 전환 유도
2,단독주택,아이가있는집,null,60,현관/거실,action,라운드 벽으로 방향 전환 유도,result,result,자연스러운 회전 동선
2,단독주택,아이가있는집,null,60,거실,cause,곡선 마감으로 이어지는 소재감,selection,action,곡면 석고·마감 정밀 시공
2,단독주택,아이가있는집,null,60,거실,action,곡면 석고·마감 정밀 시공,result,result,그림자 부드러움 강화
2,단독주택,아이가있는집,null,60,정원,cause,아이의 뛰기·물놀이·모래놀이 허용,motivation,action,위험 상황 제외 '뛰지마' 통제 최소화
2,단독주택,아이가있는집,null,60,정원,action,위험 상황 제외 '뛰지마' 통제 최소화,result,result,잔소리 감소·자율 놀이 증가
2,단독주택,아이가있는집,null,60,정원,cause,자연 관찰 학습 제공,motivation,action,개구리·곤충·식물 관찰 동선 설계
2,단독주택,아이가있는집,null,60,정원,action,개구리·곤충·식물 관찰 동선 설계,result,result,감각 자극·학습 효과
2,단독주택,아이가있는집,null,60,다이닝룸,cause,정원-다이닝 상호 조망,selection,action,갤러리창 프레임으로 정원 뷰 픽싱
2,단독주택,아이가있는집,null,60,다이닝룸,action,갤러리창 프레임으로 정원 뷰 픽싱,result,result,식사·업무 중 경관 즐김
2,단독주택,아이가있는집,null,60,게스트룸,cause,게스트룸에서도 자연과 연결,selection,action,라일락을 향한 통창
2,단독주택,아이가있는집,null,60,게스트룸,action,라일락을 향한 통창,result,result,휴식 질 개선
2,단독주택,아이가있는집,null,60,거실,cause,빛 확산·글레어 제어,selection,action,린넨·코튼 혼합 커튼
2,단독주택,아이가있는집,null,60,거실,action,린넨·코튼 혼합 커튼,result,result,부드러운 확산광 확보
2,단독주택,아이가있는집,null,60,거실,cause,밝은 원목보다 톤다운 브라운 선호,selection,action,다크 브라운 가구·마감 선택
2,단독주택,아이가있는집,null,60,거실,action,다크 브라운 가구·마감 선택,result,result,고급스럽고 차분한 무드
2,단독주택,아이가있는집,null,60,다이닝룸,cause,적삼목에 흑단 스테인 선호,selection,action,적삼목 + 흑단 스테인 마감
2,단독주택,아이가있는집,null,60,다이닝룸,action,적삼목 + 흑단 스테인 마감,result,result,고급스러운 표정 구현
2,단독주택,아이가있는집,null,60,주방,cause,거실과 바로 연결되는 동선,motivation,action,아일랜드 배치로 완충·연결 역할
2,단독주택,아이가있는집,null,60,주방,action,아일랜드 배치로 완충·연결 역할,result,result,요리·식사·거실 활동 연동
2,단독주택,아이가있는집,null,60,주방,cause,남쪽 문으로 외부 연계 필요,motivation,action,남향 문 배치
2,단독주택,아이가있는집,null,60,주방,action,남향 문 배치,result,result,채광·환기·외부 동선 원활
2,단독주택,아이가있는집,null,60,전체(집),cause,계절 변화를 실내에서 체감,selection,action,"장면 창 설계(봄 벚꽃, 겨울 그림자)"
2,단독주택,아이가있는집,null,60,전체(집),action,"장면 창 설계(봄 벚꽃, 겨울 그림자)",result,result,사계절 풍경 체험
2,단독주택,아이가있는집,null,60,욕실(1층),cause,맞춤형 개구부·문 필요,selection,action,목수 제작 미닫이문
2,단독주택,아이가있는집,null,60,욕실(1층),action,목수 제작 미닫이문,result,result,공간 치수와 재료감 정합
2,단독주택,아이가있는집,null,60,2층 거실,cause,극적인 뷰샷 연출,selection,action,고개를 숙이고 각을 길게 빼 촬영 가능한 공간구성
2,단독주택,아이가있는집,null,60,2층 거실,action,고개를 숙이고 각을 길게 빼 촬영 가능한 공간구성,result,result,건축사진 포인트 형성
2,단독주택,아이가있는집,null,60,거실,cause,노출 물건 최소화,motivation,action,대면적 수납장으로 장난감·옷 수납
2,단독주택,아이가있는집,null,60,거실,action,대면적 수납장으로 장난감·옷 수납,result,result,시각적 노이즈 감소
2,단독주택,아이가있는집,null,60,아이방,cause,부모의 위치 변화를 아이가 인지,motivation,action,1층에서 2층 이동이 보이는 창
2,단독주택,아이가있는집,null,60,아이방,action,1층에서 2층 이동이 보이는 창,result,result,행동 조절·상호작용 유도
2,단독주택,아이가있는집,null,60,거실,cause,파노라마 경관 확보,selection,action,거실 통창 길이만 6m 계획
2,단독주택,아이가있는집,null,60,거실,action,거실 통창 길이만 6m 계획,result,result,정원·하늘의 롱샷 프레이밍
2,단독주택,아이가있는집,null,60,정원,cause,여름철 녹색감 강조,selection,action,잔디 관리 및 창 프레이밍
2,단독주택,아이가있는집,null,60,정원,action,잔디 관리 및 창 프레이밍,result,result,실내외 초록색감 유입
2,단독주택,아이가있는집,null,60,거실,cause,보이드로 구조적 하중·설비 고려,motivation,action,보이드 가장자리에 설비·파티션 정렬
2,단독주택,아이가있는집,null,60,거실,action,보이드 가장자리에 설비·파티션 정렬,result,result,구조·설비·디자인 정합
2,단독주택,아이가있는집,null,60,계획,cause,세모·곡선 등 비정형 형태 다수,motivation,action,가구 배치 걱정 대비 계획 수립
2,단독주택,아이가있는집,null,60,계획,action,가구 배치 걱정 대비 계획 수립,result,result,데드스페이스 최소화 확인
2,단독주택,아이가있는집,null,60,전체(집),cause,공간별 최적 채광 목표,motivation,action,공간 용도에 맞춘 창 분포(약 30개)
2,단독주택,아이가있는집,null,60,전체(집),action,공간 용도에 맞춘 창 분포(약 30개),result,result,시간대별 다양한 광질 확보
2,단독주택,아이가있는집,null,60,현관,cause,현관 소음 차단,motivation,action,무거운 단열문
2,단독주택,아이가있는집,null,60,현관,action,무거운 단열문,result,result,현관-실내 소음·바람 차단
2,단독주택,아이가있는집,null,60,거실,cause,LP 플레이어 코너 구성,selection,action,리빙 사운드 포인트 계획
2,단독주택,아이가있는집,null,60,거실,action,리빙 사운드 포인트 계획,result,result,음악 감상 중심 거점
2,단독주택,아이가있는집,null,60,거실,cause,곡선 벽의 난이도 인지,motivation,action,정밀 곡면 시공 감행
2,단독주택,아이가있는집,null,60,거실,action,정밀 곡면 시공 감행,result,result,완성도 높은 공간 체험
2,단독주택,아이가있는집,null,60,1층 공용부,cause,재료 언어 일관,selection,action,트라버틴 타일의 통일
2,단독주택,아이가있는집,null,60,1층 공용부,action,트라버틴 타일의 통일,result,result,바닥의 연속감·고급감
2,단독주택,아이가있는집,null,60,2층 거실,cause,시각적 연결 + 안전,motivation,action,유리 난간/벽 도입
2,단독주택,아이가있는집,null,60,2층 거실,action,유리 난간/벽 도입,result,result,낙상 방지 + 개방감 유지
2,단독주택,아이가있는집,null,60,정원,cause,청단풍 한 그루로 포인트,selection,action,단목 식재
2,단독주택,아이가있는집,null,60,정원,action,단목 식재,result,result,사계절 색 변화 연출
2,단독주택,아이가있는집,null,60,주방,cause,문 닫아도 답답함 최소화,selection,action,간살문으로 시선과 빛 일부 통과
2,단독주택,아이가있는집,null,60,주방,action,간살문으로 시선과 빛 일부 통과,result,result,개방감 유지
2,단독주택,아이가있는집,null,60,다이닝룸,cause,업무 피로 완화,selection,action,아로마(로즈마리) 사용 가능한 환경
2,단독주택,아이가있는집,null,60,다이닝룸,action,아로마(로즈마리) 사용 가능한 환경,result,result,정신적 안정감 상승
2,단독주택,아이가있는집,null,60,전체(집),cause,설계안 신뢰성 확보,motivation,action,렌더-실사 99% 일치
2,단독주택,아이가있는집,null,60,전체(집),action,렌더-실사 99% 일치,result,result,디자인 의도 구현 확인
2,단독주택,아이가있는집,null,60,거실,cause,햇빛과 뷰를 최대한 끌어들이고 싶음,selection,action,통창 하부턱 낮춤
2,단독주택,아이가있는집,null,60,거실,action,통창 하부턱 낮춤,result,result,앉은 자세에서도 시야 개방
2,단독주택,아이가있는집,null,60,거실,cause,눈부심 시간대를 제어하고 싶음,selection,action,커튼 레이어(쉬어+블랙아웃) 구성
2,단독주택,아이가있는집,null,60,거실,action,커튼 레이어(쉬어+블랙아웃) 구성,result,result,시간대별 글레어 제어
2,단독주택,아이가있는집,null,60,주방,cause,조리 동선과 가족 동선을 분리하고 싶음,motivation,action,아일랜드로 동선 분절
2,단독주택,아이가있는집,null,60,주방,action,아일랜드로 동선 분절,result,result,충돌 감소·효율 증가
2,단독주택,아이가있는집,null,60,현관,cause,젖은 우천 시 바닥 미끄럼 방지 필요,selection,action,거친 질감 바닥재 선택
2,단독주택,아이가있는집,null,60,현관,action,거친 질감 바닥재 선택,result,result,안전성 향상
2,단독주택,아이가있는집,null,60,정원,cause,여름 열섬 줄이고 싶음,motivation,action,잔디면적 확보·수목 그늘
2,단독주택,아이가있는집,null,60,정원,action,잔디면적 확보·수목 그늘,result,result,체감온도 완화
2,단독주택,아이가있는집,null,60,2층 거실,cause,프라이버시 유지,selection,action,유리 하부 반투명 처리
2,단독주택,아이가있는집,null,60,2층 거실,action,유리 하부 반투명 처리,result,result,앉은 키 시선 차단
2,단독주택,아이가있는집,null,60,게스트룸,cause,수납 전면 노출 방지,selection,action,플랫 도어 붙박이장
2,단독주택,아이가있는집,null,60,게스트룸,action,플랫 도어 붙박이장,result,result,정돈감 강화
2,단독주택,아이가있는집,null,60,파우더룸,cause,습기 확산 차단,motivation,action,건식 분리
2,단독주택,아이가있는집,null,60,파우더룸,action,건식 분리,result,result,쾌적성·청결 유지
2,단독주택,아이가있는집,null,60,욕실(2층),cause,사계절 결로 저감,motivation,action,창호 단열·환기 계획
2,단독주택,아이가있는집,null,60,욕실(2층),action,창호 단열·환기 계획,result,result,결로 발생 감소
2,단독주택,아이가있는집,null,60,아이방,cause,취침 전 별 보기 루틴,selection,action,침대 위치를 천창 하부로
2,단독주택,아이가있는집,null,60,아이방,action,침대 위치를 천창 하부로,result,result,취침 의식·정서 안정
3,단독주택,아이가있는집,강원도 양양군,60,마당,cause,잔디 관리가 노동의 현장이 됨,constrain,action,잔디를 포기하고 쇄석과 콘크리트로 마감
3,단독주택,아이가있는집,강원도 양양군,60,마당,action,마당을 쇄석과 콘크리트로 마감,result,result,관리 편리 + 홈캠핑·홈크닉 공간 확보
3,단독주택,아이가있는집,강원도 양양군,60,마당,cause,조경을 초기 시공 시 함께 해야 비용 절약 가능,motivation,action,수영장과 조경을 설계 단계에 포함
3,단독주택,아이가있는집,강원도 양양군,60,마당,action,조경 설계 및 시공을 함께 진행,result,result,시간·비용 절약
3,단독주택,아이가있는집,강원도 양양군,60,수영장,cause,아이와 가족이 즐길 공간 필요,motivation,action,수영장 설치
3,단독주택,아이가있는집,강원도 양양군,60,수영장,action,수영장 설치,result,result,아이와 부모가 물놀이와 휴식 가능
3,단독주택,아이가있는집,강원도 양양군,60,수영장,action,수영장 설치,result,result,일상 속 여행 같은 경험 제공
3,단독주택,아이가있는집,강원도 양양군,60,수영장,action,풀사이드 영화관 운영,result,result,일상을 여행처럼 느끼는 순간 제공
3,단독주택,아이가있는집,강원도 양양군,60,거실,cause,아이와 함께 뛰어놀 수 있는 공간 필요,motivation,action,넓은 거실 설계
3,단독주택,아이가있는집,강원도 양양군,60,거실,action,넓은 거실 설계,result,result,뛰어놀 수 있고 풍경 감상 가능한 공간 완성
3,단독주택,아이가있는집,강원도 양양군,60,거실,cause,구조를 살리기 원함,motivation,action,소파를 일자로 배치
3,단독주택,아이가있는집,강원도 양양군,60,거실,action,소파 일자 배치,result,result,아이의 트램펄린·휴식 공간으로 활용
3,단독주택,아이가있는집,강원도 양양군,60,거실,cause,높은 층고로 공기순환 필요,motivation,action,실링팬 설치
3,단독주택,아이가있는집,강원도 양양군,60,거실,action,실링팬 설치,result,result,"여름에는 시원, 겨울에도 공기순환"
3,단독주택,아이가있는집,강원도 양양군,60,거실,action,큰 창 앞에 빈백과 다과상 배치,result,result,카페 같은 분위기 연출
3,단독주택,아이가있는집,강원도 양양군,60,주방,cause,이전 집에서 수납 부족 경험,motivation,action,수납공간 최대화 설계
3,단독주택,아이가있는집,강원도 양양군,60,주방,action,수납공간 늘림,result,result,살림 늘어나도 여유 있는 공간
3,단독주택,아이가있는집,강원도 양양군,60,주방,cause,아침에 창밖 풍경으로 하루 시작 원함,motivation,action,주방 큰 창 앞에 자작나무 심음
3,단독주택,아이가있는집,강원도 양양군,60,주방,action,자작나무 심음,result,result,경쾌한 하루 시작 + 외부 시선 차단
3,단독주택,아이가있는집,강원도 양양군,60,주방,action,도어로 홈바장 가림,result,result,커피·차·간식 보관 편리
3,단독주택,아이가있는집,강원도 양양군,60,침실,cause,휴식과 수면 공간으로만 사용,motivation,action,침대와 협탁만 배치
3,단독주택,아이가있는집,강원도 양양군,60,침실,action,가구 최소 배치,result,result,아늑하고 단순한 공간 완성
3,단독주택,아이가있는집,강원도 양양군,60,침실,action,마당과 연결,result,result,이불 털기 편리 + 자연 풍경 감상
3,단독주택,아이가있는집,강원도 양양군,60,운동방,cause,생활 동선 고려,motivation,action,운동방과 세탁실을 연결
3,단독주택,아이가있는집,강원도 양양군,60,운동방,action,운동방-세탁실-욕실 연결,result,result,편리한 생활 동선
3,단독주택,아이가있는집,강원도 양양군,60,AV룸,cause,영화 감상 로망 실현,motivation,action,천장 스피커·프로젝터·스크린 설치
3,단독주택,아이가있는집,강원도 양양군,60,AV룸,action,스피커·프로젝터·스크린 설치,result,result,편안하게 영화 감상 가능한 공간
3,단독주택,아이가있는집,강원도 양양군,60,AV룸,action,벙커 스타일 평상 제작,result,result,수납+침대 기능 제공
3,단독주택,아이가있는집,강원도 양양군,60,욕실,cause,큰 창을 통한 풍경 감상 원함,motivation,action,욕실 큰 창 설계
3,단독주택,아이가있는집,강원도 양양군,60,욕실,action,큰 창 설치,result,result,풍경 감상하며 생활 가능
3,단독주택,아이가있는집,강원도 양양군,60,욕실,cause,프리스텐딩 욕조 디자인과 활용성,selection,action,프리스텐딩 욕조 설치
3,단독주택,아이가있는집,강원도 양양군,60,욕실,action,프리스텐딩 욕조 설치,result,result,아이 수영장 및 가족 목욕 공간 활용
3,단독주택,아이가있는집,강원도 양양군,60,욕실,action,원형 거울 선택,result,result,특별한 공간 연출
3,단독주택,아이가있는집,강원도 양양군,60,아이방,cause,아이에게 선택권 부여,selection,action,아이 스스로 페인팅 컬러 선택
3,단독주택,아이가있는집,강원도 양양군,60,아이방,action,민트색 벽 도색,result,result,하늘색 자동차 침대와 조화
3,단독주택,아이가있는집,강원도 양양군,60,아이방,action,칠판·자석 페인트 시공,result,result,아이 낙서와 놀이 가능
3,단독주택,아이가있는집,강원도 양양군,60,다락,cause,높은 계단실 활용,motivation,action,현장 소장이 다락 제작
3,단독주택,아이가있는집,강원도 양양군,60,다락,action,다락 제작,result,result,아이 놀이 공간 + 어른도 즐기는 공간
3,단독주택,아이가있는집,강원도 양양군,60,복도,cause,수납과 놀이 공간 확보,motivation,action,복도에 붙박이장 설치
3,단독주택,아이가있는집,강원도 양양군,60,복도,action,붙박이장 설치,result,result,드레스룸 대체 + 가족 놀이 공간
3,단독주택,아이가있는집,강원도 양양군,60,복도,action,복도 공간 활용,result,result,여름에도 시원하고 에너지 절약 효과
3,단독주택,아이가있는집,강원도 양양군,60,외벽,cause,마감 재질 고민,motivation,action,벽돌·스타코 대신 새로운 재질 선택
3,단독주택,아이가있는집,강원도 양양군,60,외벽,action,유니크한 외벽 재질 사용,result,result,개성 있는 외관 완성
4,단독주택,신혼부부,서울특별시,35,전체(집),cause,도심 주택 라이프 유지 필요,motivation,action,서울 내 주택 선택 및 리모델링 결정
4,단독주택,신혼부부,서울특별시,35,전체(집),action,서울 내 주택 선택 및 리모델링 결정,result,result,도시 생활 패턴 유지하며 주택 장점 누림
4,단독주택,신혼부부,서울특별시,35,전체(집),cause,반려견 중심의 생활 고려,motivation,action,반려견 시선·동선에 맞춘 설계 채택
4,단독주택,신혼부부,서울특별시,35,전체(집),action,반려견 시선·동선에 맞춘 설계 채택,result,result,반려견과 공존하는 집 완성
4,단독주택,신혼부부,서울특별시,35,전체(집),cause,공간 간 장벽 최소화 희망,selection,action,거실-주방을 하나의 오픈 스페이스로 계획
4,단독주택,신혼부부,서울특별시,35,전체(집),action,거실-주방을 하나의 오픈 스페이스로 계획,result,result,개방감·유연한 사용성 향상
4,단독주택,신혼부부,서울특별시,35,전체(집),cause,프라이버시는 자연으로 해결하고자 함,motivation,action,식재·조경으로 시선 차단 설계
4,단독주택,신혼부부,서울특별시,35,전체(집),action,식재·조경으로 시선 차단 설계,result,result,블라인드 덜 사용하고도 프라이버시 확보
4,단독주택,신혼부부,서울특별시,35,전체(집),cause,노후 주택으로 설비·마감 상태 불량,constrain,action,내부 전부 철거 후 골격만 남겨 공사
4,단독주택,신혼부부,서울특별시,35,전체(집),action,내부 전부 철거 후 골격만 남겨 공사,result,result,성능·디자인 전면 갱신
4,단독주택,신혼부부,서울특별시,35,전체(집),cause,3면이 열려 코너에서 시야 개방,motivation,action,창 구성 재정리로 입면 간결화
4,단독주택,신혼부부,서울특별시,35,전체(집),action,창 구성 재정리로 입면 간결화,result,result,첫인상 개선 및 채광·프라이버시 균형
4,단독주택,신혼부부,서울특별시,35,외관,cause,입면이 복잡하고 종류 제각각의 창 존재,selection,action,창 단순화 및 정리
4,단독주택,신혼부부,서울특별시,35,외관,action,창 단순화 및 정리,result,result,정돈된 외관과 통일감 확보
4,단독주택,신혼부부,서울특별시,35,외관,cause,1층은 보행자 동선과 이격 적음,constrain,action,"1층 창 과감히 삭제, 2층만 창 유지"
4,단독주택,신혼부부,서울특별시,35,외관,action,"1층 창 과감히 삭제, 2층만 창 유지",result,result,내·외부 포인트 형성 + 사생활 보호
4,단독주택,신혼부부,서울특별시,35,외관,cause,노후 조적 마감과 어닝 등 혼란스러운 요소,selection,action,조적 보수 후 하얀 마감으로 탈바꿈
4,단독주택,신혼부부,서울특별시,35,외관,action,조적 보수 후 하얀 마감으로 탈바꿈,result,result,빛에 따라 달라지는 깨끗한 입면 구현
4,단독주택,신혼부부,서울특별시,35,테라스,cause,넓은 테라스의 난간이 개방감 저해,selection,action,난간 디자인을 미니멀·안전 최소화로 변경
4,단독주택,신혼부부,서울특별시,35,테라스,action,난간 디자인을 미니멀·안전 최소화로 변경,result,result,시야 개방 + 세련된 인상
4,단독주택,신혼부부,서울특별시,35,테라스,cause,재료로 세련된 감각 원함,selection,action,스테인리스 난간 적용
4,단독주택,신혼부부,서울특별시,35,테라스,action,스테인리스 난간 적용,result,result,미니멀하고 가벼운 외관
4,단독주택,신혼부부,서울특별시,35,1층,cause,공용 활동 중심 구성 필요,motivation,action,리빙·다이닝·키친 오픈플랜 구성
4,단독주택,신혼부부,서울특별시,35,1층,action,리빙·다이닝·키친 오픈플랜 구성,result,result,가족·손님과의 소통 극대화
4,단독주택,신혼부부,서울특별시,35,1층,cause,반려견 관리 동선 필요,motivation,action,이끼정원·샤워실·비밀 통로·정원 구성
4,단독주택,신혼부부,서울특별시,35,1층,action,이끼정원·샤워실·비밀 통로·정원 구성,result,result,일상 관리 편의 향상
4,단독주택,신혼부부,서울특별시,35,2층,cause,사적인 영역 강화,selection,action,침실·욕실·드레스룸·테라스 정원 배치
4,단독주택,신혼부부,서울특별시,35,2층,action,침실·욕실·드레스룸·테라스 정원 배치,result,result,프라이빗하고 풍경 중심 생활
4,단독주택,신혼부부,서울특별시,35,진입부,cause,정면 배치로 사생활 노출 우려,motivation,action,대문·현관 위치를 측면으로 재배치
4,단독주택,신혼부부,서울특별시,35,진입부,action,대문·현관 위치를 측면으로 재배치,result,result,통행로 노출 감소·프라이버시 향상
4,단독주택,신혼부부,서울특별시,35,진입부,cause,기존 대문·담장이 활용 제한,constrain,action,담장·대문 철거 후 전면 재배치
4,단독주택,신혼부부,서울특별시,35,진입부,action,담장·대문 철거 후 전면 재배치,result,result,동선·활용성 개선
4,단독주택,신혼부부,서울특별시,35,진입부,cause,비와 택배 등 실사용 고려,motivation,action,포치 형태의 진입부 계획
4,단독주택,신혼부부,서울특별시,35,진입부,action,포치 형태의 진입부 계획,result,result,비 피난처·택배 임시 보관 편리
4,단독주택,신혼부부,서울특별시,35,진입부,cause,미니멀 디테일 지향,selection,action,대문 개폐기·조명·손잡이 매립
4,단독주택,신혼부부,서울특별시,35,진입부,action,대문 개폐기·조명·손잡이 매립,result,result,돌출 요소 없는 깔끔한 입구
4,단독주택,신혼부부,서울특별시,35,진입부,cause,열쇠 구멍 없이 간결한 외관 원함,selection,action,열쇠 구멍 미설치·비밀번호 방식 채택
4,단독주택,신혼부부,서울특별시,35,진입부,action,열쇠 구멍 미설치·비밀번호 방식 채택,result,result,극미니멀 입면·편의성 확보
4,단독주택,신혼부부,서울특별시,35,진입부,cause,제품 선택지 한정·시스템 도어 호환 문제,constrain,action,대리점 협업·특정 모델 설치 성공
4,단독주택,신혼부부,서울특별시,35,진입부,action,대리점 협업·특정 모델 설치 성공,result,result,지문 인식 편의 + 일체감 디자인
4,단독주택,신혼부부,서울특별시,35,진입부,cause,우편함 디자인 일체화 희망,selection,action,슬롯형 우편함을 손잡이 라인과 정렬
4,단독주택,신혼부부,서울특별시,35,진입부,action,슬롯형 우편함을 손잡이 라인과 정렬,result,result,라인 정합으로 미학적 만족
4,단독주택,신혼부부,서울특별시,35,진입부,cause,야간 간접 연출 선호,selection,action,조명 모두 숨기고 벽면 간접조명
4,단독주택,신혼부부,서울특별시,35,진입부,action,조명 모두 숨기고 벽면 간접조명,result,result,은은한 수직 포인트로 야간 분위기 강화
4,단독주택,신혼부부,서울특별시,35,외부 바닥,cause,심플하고 견고한 접근로 필요,selection,action,시멘트 미장 디딤석 + 파쇄석 마감
4,단독주택,신혼부부,서울특별시,35,외부 바닥,action,시멘트 미장 디딤석 + 파쇄석 마감,result,result,배수·내구·미니멀 미감
4,단독주택,신혼부부,서울특별시,35,현관,cause,개방감과 채광 확보,selection,action,시스템 유리도어 적용
4,단독주택,신혼부부,서울특별시,35,현관,action,시스템 유리도어 적용,result,result,직관적 시야·빛 도입
4,단독주택,신혼부부,서울특별시,35,현관,cause,사생활·조도 조절 필요,selection,action,블라인드 설치
4,단독주택,신혼부부,서울특별시,35,현관,action,블라인드 설치,result,result,필요 시 차단·조도 제어
4,단독주택,신혼부부,서울특별시,35,사이니지,cause,집의 아이덴티티 명료화,selection,action,담장 코너 이용한 맞춤형 사이니지 제작
4,단독주택,신혼부부,서울특별시,35,사이니지,action,담장 코너 이용한 맞춤형 사이니지 제작,result,result,주소 가독성 + 가족 일러스트 상징
4,단독주택,신혼부부,서울특별시,35,사이니지,cause,돌출 하드웨어 노출 기피,selection,action,매립·은폐 디테일 적용
4,단독주택,신혼부부,서울특별시,35,사이니지,action,매립·은폐 디테일 적용,result,result,미니멀 일관성 유지
4,단독주택,신혼부부,서울특별시,35,이끼정원,cause,실내·반외부에서도 식물 경험 원함,motivation,action,프리저브드 이끼 + 조화 잎의 나무 제작
4,단독주택,신혼부부,서울특별시,35,이끼정원,action,프리저브드 이끼 + 조화 잎의 나무 제작,result,result,관리 부담 없이 사계절 감상
4,단독주택,신혼부부,서울특별시,35,이끼정원,cause,어둑한 블랙 톤으로 드라마틱 연출,selection,action,방킬라이 데크 블랙 마감 + 트랙등 스팟
4,단독주택,신혼부부,서울특별시,35,이끼정원,action,방킬라이 데크 블랙 마감 + 트랙등 스팟,result,result,나무에만 빛이 떨어지는 극적 효과
4,단독주택,신혼부부,서울특별시,35,이끼정원,cause,조명 장비 시각 통일,selection,action,블랙 컬러 조명기기 지정
4,단독주택,신혼부부,서울특별시,35,이끼정원,action,블랙 컬러 조명기기 지정,result,result,시야 집중·잡음 최소화
4,단독주택,신혼부부,서울특별시,35,거실·다이닝·키친,cause,기존 방 분할로 답답함,motivation,action,벽 철거·오픈 레이아웃 도입
4,단독주택,신혼부부,서울특별시,35,거실·다이닝·키친,action,벽 철거·오픈 레이아웃 도입,result,result,개방감·동선 유연성 향상
4,단독주택,신혼부부,서울특별시,35,키친,cause,L자 동선 효율 필요,selection,action,L자 레이아웃 적용
4,단독주택,신혼부부,서울특별시,35,키친,action,L자 레이아웃 적용,result,result,조리·이동 효율 상승
4,단독주택,신혼부부,서울특별시,35,키친,cause,리빙과의 관계 강화,motivation,action,아일랜드를 거실 바라보게 배치
4,단독주택,신혼부부,서울특별시,35,키친,action,아일랜드를 거실 바라보게 배치,result,result,세 공간의 시퀀스 연속
4,단독주택,신혼부부,서울특별시,35,키친,cause,시각적 통일감 추구,selection,action,싱크대·아일랜드 동일 소재·디자인
4,단독주택,신혼부부,서울특별시,35,키친,action,싱크대·아일랜드 동일 소재·디자인,result,result,차분한 밸런스 형성
4,단독주택,신혼부부,서울특별시,35,키친,cause,현장 상황 오차 우려(노후주택),constrain,action,상부장·수납장을 현장 맞춤 제작
4,단독주택,신혼부부,서울특별시,35,키친,action,상부장·수납장을 현장 맞춤 제작,result,result,오차 최소화·빈틈 없는 피팅
4,단독주택,신혼부부,서울특별시,35,키친,cause,무광 스테인리스 질감 선호,selection,action,스테인리스 상판(3T) 선택
4,단독주택,신혼부부,서울특별시,35,키친,action,스테인리스 상판(3T) 선택,result,result,견고·세련된 표정
4,단독주택,신혼부부,서울특별시,35,키친,cause,손잡이 돌출 기피·미니멀 선호,selection,action,푸시&풀 무손잡이 도어
4,단독주택,신혼부부,서울특별시,35,키친,action,푸시&풀 무손잡이 도어,result,result,매끈한 면·시각적 정돈
4,단독주택,신혼부부,서울특별시,35,키친,cause,탁 트인 느낌 유지,selection,action,후드 일체형 인덕션 선택
4,단독주택,신혼부부,서울특별시,35,키친,action,후드 일체형 인덕션 선택,result,result,상부 후드 없이 개방감 확보
4,단독주택,신혼부부,서울특별시,35,키친,cause,유지관리 용이성 중시,motivation,action,후드 필터 하단 정화·청소 용이
4,단독주택,신혼부부,서울특별시,35,키친,action,후드 필터 하단 정화·청소 용이,result,result,관리 편리성 향상
4,단독주택,신혼부부,서울특별시,35,키친,cause,아일랜드 활용성 확대,motivation,action,하부 전기 인입 계획
4,단독주택,신혼부부,서울특별시,35,키친,action,하부 전기 인입 계획,result,result,업무·가전 사용 편의
4,단독주택,신혼부부,서울특별시,35,키친,cause,보여주지 않을 것 숨기기 원칙,selection,action,음식물 처리기·스위치·인터폰 숨김
4,단독주택,신혼부부,서울특별시,35,키친,action,음식물 처리기·스위치·인터폰 숨김,result,result,미니멀한 표면 유지
4,단독주택,신혼부부,서울특별시,35,키친,cause,동선 효율적 폐기 원함,motivation,action,밥솥 레일 앞당겨 음식물 처리 직결
4,단독주택,신혼부부,서울특별시,35,키친,action,밥솥 레일 앞당겨 음식물 처리 직결,result,result,조리·폐기 동선 최적화
4,단독주택,신혼부부,서울특별시,35,다이닝,cause,마감·가구 톤 조화 추구,selection,action,비트라 스탠다드 SP 체어 색상 매칭
4,단독주택,신혼부부,서울특별시,35,다이닝,action,비트라 스탠다드 SP 체어 색상 매칭,result,result,바닥·녹음과 조화로운 무드
4,단독주택,신혼부부,서울특별시,35,거실,cause,큰 가구로 공간 점유 피하고자 함,selection,action,이동 어려운 큰 가구 지양
4,단독주택,신혼부부,서울특별시,35,거실,action,이동 어려운 큰 가구 지양,result,result,공간 유연성·반려견 활동성 ↑
4,단독주택,신혼부부,서울특별시,35,거실,cause,TV·소파 없는 놀이형 거실 선호,motivation,action,프로젝터 사용·거실은 놀이터로 활용
4,단독주택,신혼부부,서울특별시,35,거실,action,프로젝터 사용·거실은 놀이터로 활용,result,result,반려견과 상호작용 시간 증가
4,단독주택,신혼부부,서울특별시,35,외부동선,cause,거실창 앞 외부계단으로 시야·동선 방해,motivation,action,외부계단 철거·지하실 폐쇄
4,단독주택,신혼부부,서울특별시,35,외부동선,action,외부계단 철거·지하실 폐쇄,result,result,1층 정원 확보·조망 개선
4,단독주택,신혼부부,서울특별시,35,정원,cause,실내-외 연속감 강화,selection,action,단차 제거·밝은 톤 석재 마감
4,단독주택,신혼부부,서울특별시,35,정원,action,단차 제거·밝은 톤 석재 마감,result,result,실내 바닥과 자연스러운 연결
4,단독주택,신혼부부,서울특별시,35,정원,cause,사계절 식물 감상 의지,selection,action,바이텍스·남천·그라스류 식재
4,단독주택,신혼부부,서울특별시,35,정원,action,바이텍스·남천·그라스류 식재,result,result,계절감·생태적 다양성 체험
4,단독주택,신혼부부,서울특별시,35,정원,cause,프라이버시와 뷰 동시 확보,motivation,action,식재로 외부 시선 차단
4,단독주택,신혼부부,서울특별시,35,정원,action,식재로 외부 시선 차단,result,result,블라인드 개방 빈도 증가
4,단독주택,신혼부부,서울특별시,35,정원,cause,향·소리·빛 경험 강화,motivation,action,벌·나비 유입·나뭇잎 그림자
4,단독주택,신혼부부,서울특별시,35,정원,action,벌·나비 유입·나뭇잎 그림자,result,result,다감각적 정원 경험
4,단독주택,신혼부부,서울특별시,35,계단,cause,반려견 안전·미끄럼 우려,constrain,action,타일형 카펫을 절단·시공
4,단독주택,신혼부부,서울특별시,35,계단,action,타일형 카펫을 절단·시공,result,result,미끄럼 저감·보행 소음 감소
4,단독주택,신혼부부,서울특별시,35,계단,cause,폭·높이 적정성 필요,motivation,action,널찍한 치수로 계획
4,단독주택,신혼부부,서울특별시,35,계단,action,널찍한 치수로 계획,result,result,일상 보행 안전성 확보
4,단독주택,신혼부부,서울특별시,35,계단,cause,목재의 자연스러움 살리기,selection,action,자작나무 무바니쉬 마감
4,단독주택,신혼부부,서울특별시,35,계단,action,자작나무 무바니쉬 마감,result,result,밝고 편안한 질감 유지
4,단독주택,신혼부부,서울특별시,35,계단,cause,조명 제어 편의,selection,action,각 층 조명 스위치 배치
4,단독주택,신혼부부,서울특별시,35,계단,action,각 층 조명 스위치 배치,result,result,상·하층에서 제어 가능
4,단독주택,신혼부부,서울특별시,35,2층,cause,풍경 중심의 생활 지향,selection,action,뷰 좋은 2층에 프라이빗 프로그램 집중
4,단독주택,신혼부부,서울특별시,35,2층,action,뷰 좋은 2층에 프라이빗 프로그램 집중,result,result,오래 머무는 곳의 만족도 상승
4,단독주택,신혼부부,서울특별시,35,침실,cause,아침 햇살과 자연을 곁에 두고 싶음,motivation,action,침대를 창가에 배치
4,단독주택,신혼부부,서울특별시,35,침실,action,침대를 창가에 배치,result,result,밝은 빛·푸른 뷰로 하루 시작
4,단독주택,신혼부부,서울특별시,35,침실,cause,창을 방 일부처럼 끌어들이기,selection,action,한 면 크게 유리창 설치
4,단독주택,신혼부부,서울특별시,35,침실,action,한 면 크게 유리창 설치,result,result,내·외부 경계 완화
4,단독주택,신혼부부,서울특별시,35,커튼,cause,풍경 집중·미장센 유지,selection,action,커튼 레일을 천장에 숨김
4,단독주택,신혼부부,서울특별시,35,커튼,action,커튼 레일을 천장에 숨김,result,result,창 연출의 깔끔함 강화
4,단독주택,신혼부부,서울특별시,35,침실,cause,야간 조작 편의,selection,action,머리맡 스위치·양측 콘센트 배치
4,단독주택,신혼부부,서울특별시,35,침실,action,머리맡 스위치·양측 콘센트 배치,result,result,취침 전 조명·충전 편의
4,단독주택,신혼부부,서울특별시,35,바닥,cause,자연 소재의 질감 선호,selection,action,1·2층 모두 거친 텍스처 원목 마루
4,단독주택,신혼부부,서울특별시,35,바닥,action,1·2층 모두 거친 텍스처 원목 마루,result,result,발 감촉 포근·빛에 따른 표정 변화
4,단독주택,신혼부부,서울특별시,35,욕실,cause,여행처럼 스파 경험을 집으로,motivation,action,큰 창을 마주한 욕실 구성
4,단독주택,신혼부부,서울특별시,35,욕실,action,큰 창을 마주한 욕실 구성,result,result,빛·그림자 감상하며 목욕
4,단독주택,신혼부부,서울특별시,35,욕실,cause,외부 시선 차단과 녹음 확보,selection,action,창 앞 대나무 식재
4,단독주택,신혼부부,서울특별시,35,욕실,action,창 앞 대나무 식재,result,result,사계절 프라이버시·녹색 뷰
4,단독주택,신혼부부,서울특별시,35,욕실,cause,세면 사용성이 중요,motivation,action,벽면 가득 긴 세면대 제작
4,단독주택,신혼부부,서울특별시,35,욕실,action,벽면 가득 긴 세면대 제작,result,result,물튐에도 여유로운 작업폭
4,단독주택,신혼부부,서울특별시,35,욕실,cause,포인트가 되는 디자인 원함,selection,action,대담 패턴 타일로 조적 세면대
4,단독주택,신혼부부,서울특별시,35,욕실,action,대담 패턴 타일로 조적 세면대,result,result,욕실의 시각적 중심 형성
4,단독주택,신혼부부,서울특별시,35,욕실,cause,높은 수전으로 사용 편의,selection,action,탑볼용 장목 수전 채택
4,단독주택,신혼부부,서울특별시,35,욕실,action,탑볼용 장목 수전 채택,result,result,넓은 세면·세척 편의
4,단독주택,신혼부부,서울특별시,35,욕실,cause,위생·편의 중시,selection,action,일체형 비데 설치
4,단독주택,신혼부부,서울특별시,35,욕실,action,일체형 비데 설치,result,result,사용성 향상
4,단독주택,신혼부부,서울특별시,35,욕실,cause,은은·어둑 조도 선호,selection,action,간접조명 둘러 배치
4,단독주택,신혼부부,서울특별시,35,욕실,action,간접조명 둘러 배치,result,result,무드 있는 목욕 환경
4,단독주택,신혼부부,서울특별시,35,욕실,cause,필요 시 국부 조도 필요,selection,action,세면대 상부 다운라이트 추가
4,단독주택,신혼부부,서울특별시,35,욕실,action,세면대 상부 다운라이트 추가,result,result,작업 시 시인성 확보
4,단독주택,신혼부부,서울특별시,35,욕실,cause,수납 노출 기피,selection,action,문 뒤 숨은 선반 계획
4,단독주택,신혼부부,서울특별시,35,욕실,action,문 뒤 숨은 선반 계획,result,result,미니멀 유지·수납 효율
4,단독주택,신혼부부,서울특별시,35,드레스룸,cause,수납·거울 일체화,selection,action,한쪽 붙박이장 + 반대편 전면 거울
4,단독주택,신혼부부,서울특별시,35,드레스룸,action,한쪽 붙박이장 + 반대편 전면 거울,result,result,의복 정리·착장 확인 용이
4,단독주택,신혼부부,서울특별시,35,도어,cause,벽과 일체화된 면 추구,selection,action,히든 도어(층고 높이) 적용
4,단독주택,신혼부부,서울특별시,35,도어,action,히든 도어(층고 높이) 적용,result,result,연속된 면으로 정돈감
4,단독주택,신혼부부,서울특별시,35,도어,cause,손잡이 노출 최소화,selection,action,문 손잡이 후면으로 숨김
4,단독주택,신혼부부,서울특별시,35,도어,action,문 손잡이 후면으로 숨김,result,result,말끔한 벽면 유지
4,단독주택,신혼부부,서울특별시,35,도어,cause,열림 고정 필요,selection,action,문 뒷편 스토퍼 설치
4,단독주택,신혼부부,서울특별시,35,도어,action,문 뒷편 스토퍼 설치,result,result,개폐 안정성
4,단독주택,신혼부부,서울특별시,35,반려견,cause,자유로운 이동·은신 필요,motivation,action,계단 밑 비밀 통로 제작
4,단독주택,신혼부부,서울특별시,35,반려견,action,계단 밑 비밀 통로 제작,result,result,도망·놀이 루트 제공
4,단독주택,신혼부부,서울특별시,35,반려견,cause,산책 후 청결 관리,motivation,action,1층 반려견 샤워실 설계
4,단독주택,신혼부부,서울특별시,35,반려견,action,1층 반려견 샤워실 설계,result,result,실내 오염 최소·관리 용이
4,단독주택,신혼부부,서울특별시,35,반려견 샤워실,cause,반려견 퍼스널 컬러·감성 반영,selection,action,아이보리 모자이크 타일·노랑 액세서리
4,단독주택,신혼부부,서울특별시,35,반려견 샤워실,action,아이보리 모자이크 타일·노랑 액세서리,result,result,귀엽고 화사한 분위기
4,단독주택,신혼부부,서울특별시,35,반려견 샤워실,cause,과도한 타일 면 필요 없음,constrain,action,부분 타일 마감
4,단독주택,신혼부부,서울특별시,35,반려견 샤워실,action,부분 타일 마감,result,result,비용·시공 효율·표정 부여
4,단독주택,신혼부부,서울특별시,35,게스트 화장실,cause,협소 공간의 부담 완화,selection,action,화이트 액세서리 적용
4,단독주택,신혼부부,서울특별시,35,게스트 화장실,action,화이트 액세서리 적용,result,result,밝고 미니멀한 포인트
4,단독주택,신혼부부,서울특별시,35,게스트 화장실,cause,건식 사용 의도,selection,action,양변기+미니 세면대만 설치
4,단독주택,신혼부부,서울특별시,35,게스트 화장실,action,양변기+미니 세면대만 설치,result,result,관리 용이·공간 절약
4,단독주택,신혼부부,서울특별시,35,게스트룸,cause,프라이버시 필요,selection,action,창 앞 다간형 단풍나무 식재
4,단독주택,신혼부부,서울특별시,35,게스트룸,action,창 앞 다간형 단풍나무 식재,result,result,시선 차단·녹색 뷰 제공
4,단독주택,신혼부부,서울특별시,35,테라스,cause,구조물 철거 안전상 어려움,constrain,action,존치 후 데크로 은폐
4,단독주택,신혼부부,서울특별시,35,테라스,action,존치 후 데크로 은폐,result,result,안전·심미성 동시 확보
4,단독주택,신혼부부,서울특별시,35,테라스,cause,직선 화분 대신 자연스러운 연출,selection,action,곡선형 낮은 둔덕 화단 조성
4,단독주택,신혼부부,서울특별시,35,테라스,action,곡선형 낮은 둔덕 화단 조성,result,result,관리 용이·유기적 경계
4,단독주택,신혼부부,서울특별시,35,테라스,cause,반려견 동선·배변 고려,motivation,action,코너에 잔디 포켓 설치
4,단독주택,신혼부부,서울특별시,35,테라스,action,코너에 잔디 포켓 설치,result,result,배변 용이 + 쉬는 공간 겸용
4,단독주택,신혼부부,서울특별시,35,테라스,cause,발·감촉·변화 선호,selection,action,방킬라이 데크 무코팅 적용
4,단독주택,신혼부부,서울특별시,35,테라스,action,방킬라이 데크 무코팅 적용,result,result,시간에 따른 자연스런 변색
4,단독주택,신혼부부,서울특별시,35,테라스,cause,흙먼지·돌가루 덜 일게,selection,action,바닥 마사토 깔기
4,단독주택,신혼부부,서울특별시,35,테라스,action,바닥 마사토 깔기,result,result,보행 편의·관리 용이
4,단독주택,신혼부부,서울특별시,35,창·조망,cause,계절·시간대 따라 달라지는 빛을 즐김,selection,action,큰 창으로 채광 극대화
4,단독주택,신혼부부,서울특별시,35,창·조망,action,큰 창으로 채광 극대화,result,result,지루하지 않은 실내광 경험
4,단독주택,신혼부부,서울특별시,35,커튼,cause,빛·그림자 조절 필요,selection,action,상황에 따라 커튼 운용
4,단독주택,신혼부부,서울특별시,35,커튼,action,상황에 따라 커튼 운용,result,result,눈부심 제어·분위기 전환
4,단독주택,신혼부부,서울특별시,35,설비,cause,표면에 스위치 난립 기피,selection,action,스마트 제어로 수납 내 배치
4,단독주택,신혼부부,서울특별시,35,설비,action,스마트 제어로 수납 내 배치,result,result,표면 미니멀·조작 편의
4,단독주택,신혼부부,서울특별시,35,입구 소재,cause,내구·질감 요구,selection,action,스테인리스 바이브레이션 가공 적용
4,단독주택,신혼부부,서울특별시,35,입구 소재,action,스테인리스 바이브레이션 가공 적용,result,result,생활 흠집 은폐·질감 감도
4,단독주택,신혼부부,서울특별시,35,정원,cause,청각적 자연감 원함,motivation,action,새 지저귐·나뭇잎 소리 유입
4,단독주택,신혼부부,서울특별시,35,정원,action,새 지저귐·나뭇잎 소리 유입,result,result,평온한 분위기·반려견 안정
4,단독주택,신혼부부,서울특별시,35,1층,cause,정원 식재로 외부 시선 차단,motivation,action,블라인드를 활짝 열어 생활
4,단독주택,신혼부부,서울특별시,35,1층,action,블라인드를 활짝 열어 생활,result,result,밝고 트인 일상
4,단독주택,신혼부부,서울특별시,35,키친,cause,음식 바로 서빙 동선,motivation,action,아일랜드 인덕션 채택
4,단독주택,신혼부부,서울특별시,35,키친,action,아일랜드 인덕션 채택,result,result,조리→서빙 직결 편리
4,단독주택,신혼부부,서울특별시,35,거실,cause,아기자기한 장식 자제,selection,action,문·벽 동색 마감 + 히든도어
4,단독주택,신혼부부,서울특별시,35,거실,action,문·벽 동색 마감 + 히든도어,result,result,요소 최소화로 정돈감
4,단독주택,신혼부부,서울특별시,35,정원,cause,내년 장미·벚나무 시즌 기대,motivation,action,식재·창 프레이밍 유지
4,단독주택,신혼부부,서울특별시,35,정원,action,식재·창 프레이밍 유지,result,result,사계절 경관 루틴 형성
4,단독주택,신혼부부,서울특별시,35,계단참,cause,작은 조형의 시각적 즐거움,selection,action,니치·소품 연출
4,단독주택,신혼부부,서울특별시,35,계단참,action,니치·소품 연출,result,result,이동 중 감상 포인트
4,단독주택,신혼부부,서울특별시,35,2층,cause,오픈된 부부 공간 선호,selection,action,프라이버시보단 개방 계획
4,단독주택,신혼부부,서울특별시,35,2층,action,프라이버시보단 개방 계획,result,result,시각적 연속·소통 강화
4,단독주택,신혼부부,서울특별시,35,침실,cause,작업·독서 보조 필요,motivation,action,침대 뒤 소형 작업공간 조성
4,단독주택,신혼부부,서울특별시,35,침실,action,침대 뒤 소형 작업공간 조성,result,result,재택·독서 편의
4,단독주택,신혼부부,서울특별시,35,정원,cause,실내 공기·향 경험,motivation,action,식물·꽃 가까이 두기
4,단독주택,신혼부부,서울특별시,35,정원,action,식물·꽃 가까이 두기,result,result,후각·정서 만족
4,단독주택,신혼부부,서울특별시,35,정원,cause,레벨 차로 걷기 편하게,selection,action,디딤석+파쇄석으로 동선 유도
4,단독주택,신혼부부,서울특별시,35,정원,action,디딤석+파쇄석으로 동선 유도,result,result,흙손상·물고임 저감
4,단독주택,신혼부부,서울특별시,35,게스트 동선,cause,게스트 프라이버시 관리,selection,action,전용문으로 비밀 통로 차단 가능
4,단독주택,신혼부부,서울특별시,35,게스트 동선,action,전용문으로 비밀 통로 차단 가능,result,result,상황별 분리 운영
4,단독주택,신혼부부,서울특별시,35,반려견 동선,cause,우유·휴식 포인트 제공,selection,action,데크 상 휴식 포인트 배치
4,단독주택,신혼부부,서울특별시,35,반려견 동선,action,데크 상 휴식 포인트 배치,result,result,반려견 만족도 증가
4,단독주택,신혼부부,서울특별시,35,거실,cause,프로젝션 시 야간 암막 필요 시,selection,action,커튼으로 광 제어
4,단독주택,신혼부부,서울특별시,35,거실,action,커튼으로 광 제어,result,result,시청 몰입감 확보
4,단독주택,신혼부부,서울특별시,35,욕실,cause,거울로 공간 확장·녹음 반사,selection,action,벽면 전장을 거울로 마감
4,단독주택,신혼부부,서울특별시,35,욕실,action,벽면 전장을 거울로 마감,result,result,녹색 뷰 증폭 효과
4,단독주택,신혼부부,서울특별시,35,침실,cause,콘센트 접근성,selection,action,양측 콘센트 배치
4,단독주택,신혼부부,서울특별시,35,침실,action,양측 콘센트 배치,result,result,각자 충전·기기 사용 편의
4,단독주택,신혼부부,서울특별시,35,현관,cause,식물 물주기·청소 편의,motivation,action,릴 호스·청소도구 수납
4,단독주택,신혼부부,서울특별시,35,현관,action,릴 호스·청소도구 수납,result,result,실사용성 향상
4,단독주택,신혼부부,서울특별시,35,사이니지,cause,야간 가독성 확보,selection,action,간접조명·수직 빛 포인트
4,단독주택,신혼부부,서울특별시,35,사이니지,action,간접조명·수직 빛 포인트,result,result,밤의 식별성·분위기
4,단독주택,신혼부부,서울특별시,35,테라스,cause,높은 데크 볼륨 완화,selection,action,하부 식재로 시선 분산
4,단독주택,신혼부부,서울특별시,35,테라스,action,하부 식재로 시선 분산,result,result,매스감 경감·재미 제공
5,단독주택,신혼부부,전라북도 전주시,28,전체(집),cause,도시 생활의 편의와 문화생활 유지 희망,motivation,action,전주 도심에서 주거 선택
5,단독주택,신혼부부,전라북도 전주시,28,전체(집),action,전주 도심에서 주거 선택,result,result,도심 편의 유지 + 주택 라이프 실현
5,단독주택,신혼부부,전라북도 전주시,28,전체(집),cause,앞에 학교 + 서향으로 밝은 채광,motivation,action,해당 라인에서 건물 탐색
5,단독주택,신혼부부,전라북도 전주시,28,전체(집),action,해당 라인에서 건물 탐색,result,result,밝은 느낌의 주거 잠재력 확인
5,단독주택,신혼부부,전라북도 전주시,28,전체(집),cause,매물 부재 상태 지속,constrain,action,급매 등장 시 즉시 매수 결정
5,단독주택,신혼부부,전라북도 전주시,28,전체(집),action,급매 등장 시 즉시 매수 결정,result,result,원하던 입지에 정착 성공
5,단독주택,신혼부부,전라북도 전주시,28,전체(집),cause,부부 모두 인테리어 디자이너,motivation,action,설계·시공을 장기간 상의하며 직접 진행
5,단독주택,신혼부부,전라북도 전주시,28,전체(집),action,설계·시공을 장기간 상의하며 직접 진행,result,result,디자인 의도와 실행 일치
5,단독주택,신혼부부,전라북도 전주시,28,전체(집),cause,내 집을 꾸미는 즐거움과 합의 필요,motivation,action,의견 충돌을 조율하며 의사결정
5,단독주택,신혼부부,전라북도 전주시,28,전체(집),action,의견 충돌을 조율하며 의사결정,result,result,프로젝트 만족도 향상
5,단독주택,신혼부부,전라북도 전주시,28,거실,cause,밝고 따뜻한 무드 지향,selection,action,착색 없는 에쉬(ash) 원목 마감 선택
5,단독주택,신혼부부,전라북도 전주시,28,거실,action,착색 없는 에쉬(ash) 원목 마감 선택,result,result,자연 나뭇결로 따뜻한 분위기 구현
5,단독주택,신혼부부,전라북도 전주시,28,거실,cause,라이프 스타일을 반영하고 답답함 회피,selection,action,여백 있는 가구 배치로 개방감 확보
5,단독주택,신혼부부,전라북도 전주시,28,거실,action,여백 있는 가구 배치로 개방감 확보,result,result,시각적 밀도 완화
5,단독주택,신혼부부,전라북도 전주시,28,거실,cause,마루 활용도 극대화,motivation,action,소파 주변에 최소한의 가구만 배치
5,단독주택,신혼부부,전라북도 전주시,28,거실,action,소파 주변에 최소한의 가구만 배치,result,result,활동 공간 확보·정돈감 상승
5,단독주택,신혼부부,전라북도 전주시,28,거실,cause,TV의 습관적 시청 방지,selection,action,TV 대신 빔 프로젝터 사용
5,단독주택,신혼부부,전라북도 전주시,28,거실,action,TV 대신 빔 프로젝터 사용,result,result,보고 싶을 때만 시청·집중도 증가
5,단독주택,신혼부부,전라북도 전주시,28,거실,cause,한국적 요소로 조화 추구,selection,action,창가에 마루 시공
5,단독주택,신혼부부,전라북도 전주시,28,거실,action,창가에 마루 시공,result,result,앉으면 나무·누우면 하늘 조망
5,단독주택,신혼부부,전라북도 전주시,28,거실,cause,차 문화 즐김,motivation,action,거실 선반에 다기 전용 수납 계획
5,단독주택,신혼부부,전라북도 전주시,28,거실,action,거실 선반에 다기 전용 수납 계획,result,result,거실-마루와 미감적 조화
5,단독주택,신혼부부,전라북도 전주시,28,거실,cause,간결하고 덜 답답한 화장대 원함,selection,action,벽걸이형 콘솔/테이블 제작
5,단독주택,신혼부부,전라북도 전주시,28,거실,action,벽걸이형 콘솔/테이블 제작,result,result,바닥 청소 용이·부유감 있는 인테리어
5,단독주택,신혼부부,전라북도 전주시,28,거실,cause,계절·상황에 따른 연출,selection,action,화병에 꽃으로 포인트 변경
5,단독주택,신혼부부,전라북도 전주시,28,거실,action,화병에 꽃으로 포인트 변경,result,result,분위기 변주 용이
5,단독주택,신혼부부,전라북도 전주시,28,주방 접근부,cause,다이닝을 거실과 시각적으로 구분,selection,action,답답하지 않은 파티션 설치
5,단독주택,신혼부부,전라북도 전주시,28,주방 접근부,action,답답하지 않은 파티션 설치,result,result,분리감 + 개방감 동시 확보
5,단독주택,신혼부부,전라북도 전주시,28,주방,cause,군더더기 없는 깔끔함 선호,selection,action,화이트+우드 조합
5,단독주택,신혼부부,전라북도 전주시,28,주방,action,화이트+우드 조합,result,result,청결감·온기 균형
5,단독주택,신혼부부,전라북도 전주시,28,주방,cause,지루함 방지 위한 미세 포인트,selection,action,긴 직사각형 타일 배치
5,단독주택,신혼부부,전라북도 전주시,28,주방,action,긴 직사각형 타일 배치,result,result,리듬감 있는 표면
5,단독주택,신혼부부,전라북도 전주시,28,다이닝,cause,분위기 전환 가능한 조도,selection,action,식탁 상부 펜던트 조명 설치
5,단독주택,신혼부부,전라북도 전주시,28,다이닝,action,식탁 상부 펜던트 조명 설치,result,result,밝을 때와 다른 무드 연출
5,단독주택,신혼부부,전라북도 전주시,28,주방,cause,침실의 풍부한 채광을 공유,motivation,action,주방-방 사이 상부 유리 설치
5,단독주택,신혼부부,전라북도 전주시,28,주방,action,주방-방 사이 상부 유리 설치,result,result,주방까지 자연광 확산
5,단독주택,신혼부부,전라북도 전주시,28,침실,cause,큰 창으로 밝은 빛 유입,selection,action,침실 창의 개구부 크게 유지/활용
5,단독주택,신혼부부,전라북도 전주시,28,침실,action,침실 창의 개구부 크게 유지/활용,result,result,아침 채광 극대화
5,단독주택,신혼부부,전라북도 전주시,28,침실,cause,자연·전통 오브제 선호,selection,action,장독 항아리+다듬이돌을 화분 받침으로 활용
5,단독주택,신혼부부,전라북도 전주시,28,침실,action,장독 항아리+다듬이돌을 화분 받침으로 활용,result,result,투박하지만 매력적인 텍스처
5,단독주택,신혼부부,전라북도 전주시,28,침실,cause,세월의 미학 반영,selection,action,오래된 자개장을 리폼해 화장대 제작
5,단독주택,신혼부부,전라북도 전주시,28,침실,action,오래된 자개장을 리폼해 화장대 제작,result,result,전통 소재와 현대 공간의 조화
5,단독주택,신혼부부,전라북도 전주시,28,욕실,cause,집 전체 컨셉과 통일된 따뜻함,selection,action,샤워공간 천장 원목 마감
5,단독주택,신혼부부,전라북도 전주시,28,욕실,action,샤워공간 천장 원목 마감,result,result,소규모 공간에도 온기 부여
5,단독주택,신혼부부,전라북도 전주시,28,욕실,cause,필요 기능을 작은 공간에 충실히,motivation,action,필수 위생·수납 요소를 콤팩트하게 계획
5,단독주택,신혼부부,전라북도 전주시,28,욕실,action,필수 위생·수납 요소를 콤팩트하게 계획,result,result,작지만 완결된 욕실
5,단독주택,신혼부부,전라북도 전주시,28,제작,cause,부부 협의로 디테일 구현,motivation,action,직접 설계·제작 요청(선반·콘솔 등)
5,단독주택,신혼부부,전라북도 전주시,28,제작,action,직접 설계·제작 요청(선반·콘솔 등),result,result,맞춤형 사용성/미감 확보
5,단독주택,신혼부부,전라북도 전주시,28,거실,cause,청소 편의성 강화,selection,action,다리가 없는 벽부 콘솔 채택
5,단독주택,신혼부부,전라북도 전주시,28,거실,action,다리가 없는 벽부 콘솔 채택,result,result,바닥 청소 동선 원활
5,단독주택,신혼부부,전라북도 전주시,28,거실,cause,가족이 함께 머물 공간 필요,motivation,action,마루 깊이/폭을 체류에 맞춤
5,단독주택,신혼부부,전라북도 전주시,28,거실,action,마루 깊이/폭을 체류에 맞춤,result,result,가족 친화적 체류 공간
5,단독주택,신혼부부,전라북도 전주시,28,창/조망,cause,가로로 긴 전면 창 살리기,selection,action,가구·마루 높이와 창 하부 턱 정렬
5,단독주택,신혼부부,전라북도 전주시,28,창/조망,action,가구·마루 높이와 창 하부 턱 정렬,result,result,조망 극대화
5,단독주택,신혼부부,전라북도 전주시,28,조명,cause,장면별 무드 스위칭,selection,action,다이닝 단독 조명만 점등
5,단독주택,신혼부부,전라북도 전주시,28,조명,action,다이닝 단독 조명만 점등,result,result,한 공간의 다층적 분위기
5,단독주택,신혼부부,전라북도 전주시,28,파티션,cause,벽체로 막는 답답함 회피,motivation,action,시각 반차단 파티션 채택
5,단독주택,신혼부부,전라북도 전주시,28,파티션,action,시각 반차단 파티션 채택,result,result,공간 깊이 유지
5,단독주택,신혼부부,전라북도 전주시,28,거실,cause,가구 밀도 낮춰 시각적 압박 줄이기,selection,action,수납/보조가구 최소화
5,단독주택,신혼부부,전라북도 전주시,28,거실,action,수납/보조가구 최소화,result,result,개방감·동선 유연성 향상
5,단독주택,신혼부부,전라북도 전주시,28,거실,cause,생활 습관을 디자인으로 제어,motivation,action,프로젝터 기반 시청 루틴 구축
5,단독주택,신혼부부,전라북도 전주시,28,거실,action,프로젝터 기반 시청 루틴 구축,result,result,의도적 미디어 섭취
5,단독주택,신혼부부,전라북도 전주시,28,주방,cause,심플함 속 표면 감도 필요,selection,action,롱서브웨이 타일 규칙적 배열
5,단독주택,신혼부부,전라북도 전주시,28,주방,action,롱서브웨이 타일 규칙적 배열,result,result,광·그림자 패턴 강화
5,단독주택,신혼부부,전라북도 전주시,28,다이닝,cause,좌석 주변 따뜻한 재료감,selection,action,우드 톤 가구·조명 매칭
5,단독주택,신혼부부,전라북도 전주시,28,다이닝,action,우드 톤 가구·조명 매칭,result,result,식사 집중/온기감
5,단독주택,신혼부부,전라북도 전주시,28,침실,cause,빛의 흐름을 실내 전체로,motivation,action,상부 글레이징으로 빛 전달
5,단독주택,신혼부부,전라북도 전주시,28,침실,action,상부 글레이징으로 빛 전달,result,result,공간간 채광 불균형 완화
5,단독주택,신혼부부,전라북도 전주시,28,욕실,cause,과한 장식 배제,selection,action,필수 항목 중심 콤팩트 구성
5,단독주택,신혼부부,전라북도 전주시,28,욕실,action,필수 항목 중심 콤팩트 구성,result,result,청결/관리 용이
5,단독주택,신혼부부,전라북도 전주시,28,거실,cause,선반 기능과 장식 결합,selection,action,다기/오브제 진열 가능한 맞춤 선반
5,단독주택,신혼부부,전라북도 전주시,28,거실,action,다기/오브제 진열 가능한 맞춤 선반,result,result,생활 루틴과 미감 통합
5,단독주택,신혼부부,전라북도 전주시,28,거실,cause,좌식 생활 수용,selection,action,마루 단 차·폭을 체류에 맞춤
5,단독주택,신혼부부,전라북도 전주시,28,거실,action,마루 단 차·폭을 체류에 맞춤,result,result,앉기/눕기 유도
5,단독주택,신혼부부,전라북도 전주시,28,거실,cause,밝음/따뜻함을 재료에서 확보,selection,action,에쉬 원목 바닥/마감 적용
5,단독주택,신혼부부,전라북도 전주시,28,거실,action,에쉬 원목 바닥/마감 적용,result,result,시각적 온기·촉감 향상
5,단독주택,신혼부부,전라북도 전주시,28,거실,cause,답답하지 않게,selection,action,로우 프로파일 가구 선택
5,단독주택,신혼부부,전라북도 전주시,28,거실,action,로우 프로파일 가구 선택,result,result,공간 볼륨감 유지
5,단독주택,신혼부부,전라북도 전주시,28,거실,cause,소파 영역을 비움,selection,action,사이드 테이블만 최소 배치
5,단독주택,신혼부부,전라북도 전주시,28,거실,action,사이드 테이블만 최소 배치,result,result,활동성 높은 플로어
5,단독주택,신혼부부,전라북도 전주시,28,거실,cause,플랫한 벽면 유지,selection,action,대형 TV 브라켓 미설치
5,단독주택,신혼부부,전라북도 전주시,28,거실,action,대형 TV 브라켓 미설치,result,result,정돈된 입면
5,단독주택,신혼부부,전라북도 전주시,28,거실,cause,필요 시 대화면 확보,selection,action,프로젝터 설치
5,단독주택,신혼부부,전라북도 전주시,28,거실,action,프로젝터 설치,result,result,상황형 시네마
5,단독주택,신혼부부,전라북도 전주시,28,주방,cause,화이트의 청결감,selection,action,화이트 면 + 우드 대비
5,단독주택,신혼부부,전라북도 전주시,28,주방,action,화이트 면 + 우드 대비,result,result,밟고 따뜻한 주방
5,단독주택,신혼부부,전라북도 전주시,28,주방,cause,단조로움 탈피,selection,action,롱타일로 수평/수직 리듬 부여
5,단독주택,신혼부부,전라북도 전주시,28,주방,action,롱타일로 수평/수직 리듬 부여,result,result,디테일의 표정
5,단독주택,신혼부부,전라북도 전주시,28,다이닝,cause,존재감 있는 조명 포인트,selection,action,펜던트 위치/높이 최적화
5,단독주택,신혼부부,전라북도 전주시,28,다이닝,action,펜던트 위치/높이 최적화,result,result,음영으로 분위기 층위 생성
5,단독주택,신혼부부,전라북도 전주시,28,주방,cause,공간 연계 채광 확장,motivation,action,상부 유리창 세로 치수 산정
5,단독주택,신혼부부,전라북도 전주시,28,주방,action,상부 유리창 세로 치수 산정,result,result,주방 조도 상승
5,단독주택,신혼부부,전라북도 전주시,28,침실,cause,전통과 현대의 믹스,selection,action,자개장 리폼 화장대 도입
5,단독주택,신혼부부,전라북도 전주시,28,침실,action,자개장 리폼 화장대 도입,result,result,스토리 있는 포컬 포인트
5,단독주택,신혼부부,전라북도 전주시,28,침실,cause,식물 가까이 두기,selection,action,장독 항아리에 화분 구성
5,단독주택,신혼부부,전라북도 전주시,28,침실,action,장독 항아리에 화분 구성,result,result,자연감·촉감 추가
5,단독주택,신혼부부,전라북도 전주시,28,욕실,cause,목재의 온기감 선호,selection,action,천장 원목 패널 적용
5,단독주택,신혼부부,전라북도 전주시,28,욕실,action,천장 원목 패널 적용,result,result,습식 공간의 따뜻함
5,단독주택,신혼부부,전라북도 전주시,28,욕실,cause,작지만 포화 기능,motivation,action,수납·위생 동선 최소화 설계
5,단독주택,신혼부부,전라북도 전주시,28,욕실,action,수납·위생 동선 최소화 설계,result,result,편의성 유지
5,단독주택,신혼부부,전라북도 전주시,28,운영,cause,청소/관리 수월함 중시,selection,action,하부 비개구 가구 최소화
5,단독주택,신혼부부,전라북도 전주시,28,운영,action,하부 비개구 가구 최소화,result,result,청소 동선 단순화
5,단독주택,신혼부부,전라북도 전주시,28,운영,cause,유연한 장면 연출,selection,action,꽃·오브제로 소프트 데코 교체
5,단독주택,신혼부부,전라북도 전주시,28,운영,action,꽃·오브제로 소프트 데코 교체,result,result,계절감/기분 반영 용이
5,단독주택,신혼부부,전라북도 전주시,28,창가 마루,cause,수평 조망과 하늘 보기 욕구,motivation,action,창 하부 맞춤 마루 시공
5,단독주택,신혼부부,전라북도 전주시,28,창가 마루,action,창 하부 맞춤 마루 시공,result,result,앉기/눕기 자세별 다른 뷰 제공
5,단독주택,신혼부부,전라북도 전주시,28,창가 마루,cause,가족이 모여 쉬는 플랫폼 필요,selection,action,마루 폭/높이 비례 최적화
5,단독주택,신혼부부,전라북도 전주시,28,창가 마루,action,마루 폭/높이 비례 최적화,result,result,가족 체류시간 증가
5,단독주택,신혼부부,전라북도 전주시,28,창가 마루,cause,소재 일관성,selection,action,마루와 선반 목재톤 매칭
5,단독주택,신혼부부,전라북도 전주시,28,창가 마루,action,마루와 선반 목재톤 매칭,result,result,시각적 통일감
5,단독주택,신혼부부,전라북도 전주시,28,파티션,cause,완전한 벽체의 폐쇄성 회피,selection,action,슬릿/반투명 재료 선택
5,단독주택,신혼부부,전라북도 전주시,28,파티션,action,슬릿/반투명 재료 선택,result,result,공기/빛 흐름 지속
5,단독주택,신혼부부,전라북도 전주시,28,파티션,cause,다이닝 독립성 보장,motivation,action,시선만 부드럽게 분절
5,단독주택,신혼부부,전라북도 전주시,28,파티션,action,시선만 부드럽게 분절,result,result,소리·시야 균형
5,단독주택,신혼부부,전라북도 전주시,28,조명,cause,한 공간의 다양한 무드,selection,action,주광/펜던트 단독 운용
5,단독주택,신혼부부,전라북도 전주시,28,조명,action,주광/펜던트 단독 운용,result,result,시간/행위 따라 분위기 전환
5,단독주택,신혼부부,전라북도 전주시,28,조명,cause,밝을 때와 다른 장면,selection,action,식탁 조명만 점등
5,단독주택,신혼부부,전라북도 전주시,28,조명,action,식탁 조명만 점등,result,result,친밀하고 집중된 식사
5,단독주택,신혼부부,전라북도 전주시,28,맞춤제작,cause,차 생활 루틴 반영,motivation,action,티웨어 전용 선반 설계·제작
5,단독주택,신혼부부,전라북도 전주시,28,맞춤제작,action,티웨어 전용 선반 설계·제작,result,result,생활-가구 통합
5,단독주택,신혼부부,전라북도 전주시,28,맞춤제작,cause,부유감 있는 디테일,selection,action,벽걸이형 테이블/콘솔 제작
5,단독주택,신혼부부,전라북도 전주시,28,맞춤제작,action,벽걸이형 테이블/콘솔 제작,result,result,가벼운 시각 효과
5,단독주택,신혼부부,전라북도 전주시,28,소재,cause,자연스러운 결 표현,selection,action,무착색 에쉬 선택
5,단독주택,신혼부부,전라북도 전주시,28,소재,action,무착색 에쉬 선택,result,result,시간에 따른 색 변주
5,단독주택,신혼부부,전라북도 전주시,28,소재,cause,집 전체 톤 매칭,selection,action,화이트·우드 일관성 유지
5,단독주택,신혼부부,전라북도 전주시,28,소재,action,화이트·우드 일관성 유지,result,result,전반적 차분함
5,단독주택,신혼부부,전라북도 전주시,28,소재,cause,전통 요소의 재해석,selection,action,자개장 리폼
5,단독주택,신혼부부,전라북도 전주시,28,소재,action,자개장 리폼,result,result,과거 미감의 현대 재맥락화
5,단독주택,신혼부부,전라북도 전주시,28,운영,cause,미니멀 표면 유지,selection,action,대형 가전 노출 최소화
5,단독주택,신혼부부,전라북도 전주시,28,운영,action,대형 가전 노출 최소화,result,result,심리적 안정감
5,단독주택,신혼부부,전라북도 전주시,28,운영,cause,사용 패턴 기반 설계,motivation,action,프로젝터 중심 시청 동선
5,단독주택,신혼부부,전라북도 전주시,28,운영,action,프로젝터 중심 시청 동선,result,result,가족 대화/활동 증가
6,단독주택,아이가있는집,null,60,전체,cause,아이 어릴 때 주택 경험 희망,motivation,action,부모님과 함께 주택 짓기 결정
6,단독주택,아이가있는집,null,60,전체,action,부모님과 함께 주택 짓기 결정,result,result,건축가 부부 경험·아이 양육 지원
6,단독주택,아이가있는집,null,60,전체,cause,자연에서 영감,motivation,action,특별한 형태 대신 자연 담기 설계
6,단독주택,아이가있는집,null,60,전체,action,특별한 형태 대신 자연 담기 설계,result,result,집이 단순한 배경·자연이 주인공
6,단독주택,아이가있는집,null,60,정원,cause,건축보다 조경 주인공 지향,motivation,action,식물 큐레이터와 초기 협업
6,단독주택,아이가있는집,null,60,정원,action,식물 큐레이터와 초기 협업,result,result,사람과 식물이 공존하는 공간
6,단독주택,아이가있는집,null,60,외관,cause,외관은 하얀 집,selection,action,곳곳에 푸른 자연 배치
6,단독주택,아이가있는집,null,60,외관,action,곳곳에 푸른 자연 배치,result,result,푸른 집 이름·충만한 풍경
6,단독주택,아이가있는집,null,60,마당정원,cause,입주 후 4월 조경 착수,motivation,action,팽나무 심기
6,단독주택,아이가있는집,null,60,마당정원,action,팽나무 심기,result,result,그림자로 생기 부여
6,단독주택,아이가있는집,null,60,마당정원,cause,계절 변화,result,action,설구화 개화
6,단독주택,아이가있는집,null,60,마당정원,action,설구화 개화,result,result,정원 풍경 다채로움
6,단독주택,아이가있는집,null,60,포치,cause,비·햇빛 차단 필요,constrain,action,외부 현관에 포치 설치
6,단독주택,아이가있는집,null,60,포치,action,외부 현관에 포치 설치,result,result,비·햇볕 피하며 마당 생활 가능
6,단독주택,아이가있는집,null,60,포치,cause,사생활 보호,motivation,action,현관문 가리기
6,단독주택,아이가있는집,null,60,포치,action,현관문 가리기,result,result,외부 시선 차단
6,단독주택,아이가있는집,null,60,거실,cause,자연과 연결 원함,motivation,action,툇마루에서 다이닝까지 오픈 거실 설계
6,단독주택,아이가있는집,null,60,거실,action,툇마루에서 다이닝까지 오픈 거실 설계,result,result,공원·정원 뷰와 연결
6,단독주택,아이가있는집,null,60,실내정원,cause,외부 자연 실내 확장,motivation,action,북쪽 공원 맞닿아 이끼 정원 조성
6,단독주택,아이가있는집,null,60,실내정원,action,북쪽 공원 맞닿아 이끼 정원 조성,result,result,안팎 경계 흐려짐·녹음 증폭
6,단독주택,아이가있는집,null,60,실내정원,cause,부모님 반려 식물 애정,selection,action,이끼·고사리·음지식물 배치
6,단독주택,아이가있는집,null,60,실내정원,action,이끼·고사리·음지식물 배치,result,result,교감·부모님 최애 공간
6,단독주택,아이가있는집,null,60,실내정원,cause,겨울에도 녹색 원함,motivation,action,실내 이끼 정원 유지
6,단독주택,아이가있는집,null,60,실내정원,action,실내 이끼 정원 유지,result,result,사계절 푸른 집
6,단독주택,아이가있는집,null,60,주방,cause,요리하며 자연 경험,motivation,action,창으로 공원 조망 + 자스민 식재
6,단독주택,아이가있는집,null,60,주방,action,창으로 공원 조망 + 자스민 식재,result,result,시간·계절 감각 있는 주방
6,단독주택,아이가있는집,null,60,화장실,cause,채광·환기 필요,motivation,action,거울 옆 채광창 설치
6,단독주택,아이가있는집,null,60,화장실,action,거울 옆 채광창 설치,result,result,햇살·환기 제공
6,단독주택,아이가있는집,null,60,부모님방,cause,정원 조망 필요,motivation,action,네모난 창과 윈도우 시트 설치
6,단독주택,아이가있는집,null,60,부모님방,action,네모난 창과 윈도우 시트 설치,result,result,정원 보며 휴식·기타 연주
6,단독주택,아이가있는집,null,60,2층,cause,작은 평수 효율,constrain,action,방 작게·거실 크게 설계
6,단독주택,아이가있는집,null,60,2층,action,방 작게·거실 크게 설계,result,result,넓은 생활감
6,단독주택,아이가있는집,null,60,2층,cause,아이 다양한 공간감,motivation,action,층고 변주 계획
6,단독주택,아이가있는집,null,60,2층,action,층고 변주 계획,result,result,아이·부부 모두 공간 실험
6,단독주택,아이가있는집,null,60,2층,cause,미니멀 지향,constrain,action,수납공간 천장·벽체에 숨김
6,단독주택,아이가있는집,null,60,2층,action,수납공간 천장·벽체에 숨김,result,result,맥시멀 수납+미니멀 공간 유지
6,단독주택,아이가있는집,null,60,아이방,cause,장난감·풍경 풍부,selection,action,파노라마 창 설치
6,단독주택,아이가있는집,null,60,아이방,action,파노라마 창 설치,result,result,좁아도 시원한 방
6,단독주택,아이가있는집,null,60,복도,cause,아이 안전한 동선,motivation,action,슬라이딩 도어·수납장 벽 안 배치
6,단독주택,아이가있는집,null,60,복도,action,슬라이딩 도어·수납장 벽 안 배치,result,result,복도 전체 놀이 공간
6,단독주택,아이가있는집,null,60,부부방,cause,작은 방 넓게 느끼기,motivation,action,정원·공원 보이는 창 설치
6,단독주택,아이가있는집,null,60,부부방,action,정원·공원 보이는 창 설치,result,result,좁음 완화
6,단독주택,아이가있는집,null,60,2층 거실,cause,남향 전망 제약(택지),constrain,action,남향 창 최소화·북향 거실 선택
6,단독주택,아이가있는집,null,60,2층 거실,action,남향 창 최소화·북향 거실 선택,result,result,사생활 보호
6,단독주택,아이가있는집,null,60,2층 거실,cause,채광 필요,motivation,action,천창 설치
6,단독주택,아이가있는집,null,60,2층 거실,action,천창 설치,result,result,하루종일 은은한 빛
6,단독주택,아이가있는집,null,60,데크정원,cause,자연 체험 교육,motivation,action,아이 정원에서 놀이·그림·음악·독서
6,단독주택,아이가있는집,null,60,데크정원,action,아이 정원에서 놀이·그림·음악·독서,result,result,아이 성장·부모 만족
6,단독주택,아이가있는집,null,60,전체,cause,실내·외 자연 연결,motivation,action,정원·데크·창 연계 설계
6,단독주택,아이가있는집,null,60,전체,action,정원·데크·창 연계 설계,result,result,빛·바람·풍경 체험
7,단독주택,취학 자녀가 있는 집,세종특별자치시,60,전체,cause,층간 소음으로 인한 스트레스,motivation,action,단독주택 짓기 결정
7,단독주택,취학 자녀가 있는 집,세종특별자치시,60,전체,cause,첫 시공사와 인테리어 문제,constrain,action,계약 파기
7,단독주택,취학 자녀가 있는 집,세종특별자치시,60,전체,cause,"새 시공사, 인테리어 업체 선택",result,result,공사 순조롭게 진행
7,단독주택,취학 자녀가 있는 집,세종특별자치시,60,전체,cause,공사 전 준비기간이 길게 느껴짐,result,result,착공 후 벅참과 설렘
7,단독주택,취학 자녀가 있는 집,세종특별자치시,60,전체,cause,네 식구 좁은 투룸 생활,constrain,result,힘들었지만 추억으로 남음
7,단독주택,취학 자녀가 있는 집,세종특별자치시,60,주방,cause,혼자 등 돌리고 설거지하는 게 싫음,motivation,action,대면형 주방 고려
7,단독주택,취학 자녀가 있는 집,세종특별자치시,60,주방,cause,자료들을 참고하며 카페형 주방 매력 느낌,selection,action,독립형 주방 선택
7,단독주택,취학 자녀가 있는 집,세종특별자치시,60,주방,cause,"업무 미팅, 작업 필요",motivation,action,주방을 홈오피스로 사용
7,단독주택,취학 자녀가 있는 집,세종특별자치시,60,주방,action,화이트+우드 인테리어 선택,selection,result,따뜻하고 심플한 분위기
7,단독주택,취학 자녀가 있는 집,세종특별자치시,60,주방,action,무광 세라믹 상판 적용,selection,result,고급스럽고 단정한 주방 완성
7,단독주택,취학 자녀가 있는 집,세종특별자치시,60,주방,action,보조주방 설계,result,result,수납공간 확보 및 편리함
7,단독주택,취학 자녀가 있는 집,세종특별자치시,60,주방,action,카페장 설치,result,result,식물 진열대로 활용됨
7,단독주택,취학 자녀가 있는 집,세종특별자치시,60,주방,action,큰 식탁 선택,selection,result,"홈파티, 브런치 공간 활용"
7,단독주택,취학 자녀가 있는 집,세종특별자치시,60,다도실,cause,거실이 길어 공간 활용 고민,motivation,action,특별한 공간 다도실 제작
7,단독주택,취학 자녀가 있는 집,세종특별자치시,60,다도실,cause,실내 화단 제작 희망,motivation,action,초기부터 설계에 반영
7,단독주택,취학 자녀가 있는 집,세종특별자치시,60,다도실,action,"한옥 쪽마루, 자연소재 조명 적용",selection,result,무드 있는 다도 공간 완성
7,단독주택,취학 자녀가 있는 집,세종특별자치시,60,다도실,action,폴딩도어 설치,result,result,중정 매화 감상 가능
7,단독주택,취학 자녀가 있는 집,세종특별자치시,60,거실,cause,개방감 주고 싶음,motivation,action,대형 강화유리 난간 시공
7,단독주택,취학 자녀가 있는 집,세종특별자치시,60,거실,action,소품 자연소재 사용,selection,result,자연 친화적 분위기
7,단독주택,취학 자녀가 있는 집,세종특별자치시,60,거실,action,실내 화단 조성,result,result,주말에 평온한 공간 제공
7,단독주택,취학 자녀가 있는 집,세종특별자치시,60,중정,cause,운용매화 발견,motivation,action,집 중정에 식재
7,단독주택,취학 자녀가 있는 집,세종특별자치시,60,중정,cause,착공 지연으로 해충 피해,constrain,result,죽을 고비를 넘기고 생존
7,단독주택,취학 자녀가 있는 집,세종특별자치시,60,중정,action,글레어리스 조명과 조광기 설치,selection,result,밤에도 외부 조경 돋보임
7,단독주택,취학 자녀가 있는 집,세종특별자치시,60,침실,cause,클래식 인테리어 욕심,selection,action,웨인스코팅 적용
7,단독주택,취학 자녀가 있는 집,세종특별자치시,60,침실,action,블랙&우드 소품 적용,selection,result,심플하면서 차분한 분위기
7,단독주택,취학 자녀가 있는 집,세종특별자치시,60,침실,cause,남편의 조적 욕조 로망,motivation,action,큰 조적 욕조 설치
7,단독주택,취학 자녀가 있는 집,세종특별자치시,60,침실,cause,욕조 물이 빨리 식는 문제,constrain,action,보일러 배관 추가
7,단독주택,취학 자녀가 있는 집,세종특별자치시,60,침실,cause,줄눈 청소 어려움,constrain,action,케라폭시 시공
7,단독주택,취학 자녀가 있는 집,세종특별자치시,60,침실,action,와이드 타일 세면대 설치,result,result,깔끔하고 고급스러운 욕실 완성
7,단독주택,취학 자녀가 있는 집,세종특별자치시,60,세탁실,cause,"북향, 계단 밑 구조",constrain,result,코지한 공간 계획 어려움
7,단독주택,취학 자녀가 있는 집,세종특별자치시,60,세탁실,action,세탁 통로 설치,selection,result,"아이들이 빨래 놀이, 편리한 생활"
7,단독주택,취학 자녀가 있는 집,세종특별자치시,60,가족실,action,블루·오렌지·그린 콘셉트,selection,result,아늑한 분위기 연출
7,단독주택,취학 자녀가 있는 집,세종특별자치시,60,아이방,cause,둘째 요구사항: 비밀의 방,motivation,action,책장 뒤 다락방 제작
7,단독주택,취학 자녀가 있는 집,세종특별자치시,60,아이방,action,천창 설치,result,result,햇살과 빗소리 즐길 수 있는 공간
7,단독주택,취학 자녀가 있는 집,세종특별자치시,60,아이방,cause,첫째에게 창밖 산 뷰 제공,motivation,action,윈도우 시트 설치
7,단독주택,취학 자녀가 있는 집,세종특별자치시,60,헬스장,cause,운동기구가 거실에 놓이는 것 싫음,motivation,action,별도 헬스장 공간 제작
8,단독주택,신혼부부,서울특별시 종로구,20,전체,cause,작은 공간에 대한 두려움 없음(해외·원룸·고시원 경험),motivation,action,협소주택 주거 형태 선택
8,단독주택,신혼부부,서울특별시 종로구,20,전체,action,협소주택 주거 형태 선택,result,result,아파트가 아닌 대안 주거 실현
8,단독주택,신혼부부,서울특별시 종로구,20,전체,cause,도심에서도 자연을 느끼며 살고 싶음,motivation,action,구도심에서 자연과 맞닿은 자투리 땅 탐색
8,단독주택,신혼부부,서울특별시 종로구,20,전체,action,구도심에서 자연과 맞닿은 자투리 땅 탐색,result,result,도심 거주와 자연 조망 동시 확보
8,단독주택,신혼부부,서울특별시 종로구,20,전체,cause,예산 한정,constrain,action,10평 대지(건물 내부 5평) 선택
8,단독주택,신혼부부,서울특별시 종로구,20,전체,action,10평 대지(건물 내부 5평) 선택,result,result,토지·건축비 절감
8,단독주택,신혼부부,서울특별시 종로구,20,전체,cause,남들이 보지 않는 땅 활용,motivation,action,자투리 땅 개발(협소주택) 결정
8,단독주택,신혼부부,서울특별시 종로구,20,전체,action,자투리 땅 개발(협소주택) 결정,result,result,새로운 주거 형태 창출
8,단독주택,신혼부부,서울특별시 종로구,20,전체,cause,결혼 후 신혼집 마련 필요,motivation,action,도심 협소주택 신축
8,단독주택,신혼부부,서울특별시 종로구,20,전체,action,도심 협소주택 신축,result,result,3월 첫 입주 성사
8,단독주택,신혼부부,서울특별시 종로구,20,전체,cause,아내의 거주 가능성 우려,constrain,action,설계·시공 품질로 불편 최소화
8,단독주택,신혼부부,서울특별시 종로구,20,전체,action,설계·시공 품질로 불편 최소화,result,result,실거주 후 충분한 쾌적성 확인
8,단독주택,신혼부부,서울특별시 종로구,20,전체,cause,주택의 맞춤성 중시,motivation,action,거주자 생활사 반영한 설계
8,단독주택,신혼부부,서울특별시 종로구,20,전체,action,거주자 생활사 반영한 설계,result,result,우리 부부에게 최적화된 집 완성
8,단독주택,신혼부부,서울특별시 종로구,20,전체,cause,장기간 머물 입지 중요,motivation,action,원하는 동네 특성 직접 답사·땅값 조사
8,단독주택,신혼부부,서울특별시 종로구,20,전체,action,원하는 동네 특성 직접 답사·땅값 조사,result,result,적합 토지 신속 판단 가능
8,단독주택,신혼부부,서울특별시 종로구,20,전체,cause,아파트 비용 대비 대안 탐색,motivation,action,적정 예산으로 협소주택 자체 진행
8,단독주택,신혼부부,서울특별시 종로구,20,전체,action,적정 예산으로 협소주택 자체 진행,result,result,자기 방식의 주거 확보
8,단독주택,신혼부부,서울특별시 종로구,20,전체,cause,건물 예산 약 1억9천만 원,constrain,action,비용 우선순위 재배치
8,단독주택,신혼부부,서울특별시 종로구,20,전체,action,비용 우선순위 재배치,result,result,"핵심 성능(단열) 투자, 기타 절감"
8,단독주택,신혼부부,서울특별시 종로구,20,플로어링,cause,일상 동선 최적화 의지,motivation,action,2층 작업실–3층 주방겸거실–4층 침실–5층 드레스룸/욕실/세탁실로 구성
8,단독주택,신혼부부,서울특별시 종로구,20,플로어링,action,2층 작업실–3층 주방겸거실–4층 침실–5층 드레스룸/욕실/세탁실로 구성,result,result,층별 기능 분리로 효율적 거주
8,단독주택,신혼부부,서울특별시 종로구,20,위생,cause,불편 방지,motivation,action,작업실·침실에 각 1개 화장실 배치
8,단독주택,신혼부부,서울특별시 종로구,20,위생,action,작업실·침실에 각 1개 화장실 배치,result,result,층간 이동 없이 위생 동선 해결
8,단독주택,신혼부부,서울특별시 종로구,20,작업실(2F),cause,낮 시간 대부분 작업,motivation,action,2층에 작업실 배치
8,단독주택,신혼부부,서울특별시 종로구,20,작업실(2F),action,2층에 작업실 배치,result,result,주간 사용성·접근성 향상
8,단독주택,신혼부부,서울특별시 종로구,20,주방/거실(3F),cause,친구 초대·다목적 사용,motivation,action,긴 테이블·멀티룸으로 계획(파티/영화/수업)
8,단독주택,신혼부부,서울특별시 종로구,20,주방/거실(3F),action,긴 테이블·멀티룸으로 계획(파티/영화/수업),result,result,사회적 활동 수용
8,단독주택,신혼부부,서울특별시 종로구,20,침실(3F),cause,공간 체감 확장 필요,selection,action,옷장 거울 적용
8,단독주택,신혼부부,서울특별시 종로구,20,침실(3F),action,옷장 거울 적용,result,result,시각적 확장 효과
8,단독주택,신혼부부,서울특별시 종로구,20,세면,cause,동선 효율,selection,action,세면대를 침실 밖에 배치
8,단독주택,신혼부부,서울특별시 종로구,20,세면,action,세면대를 침실 밖에 배치,result,result,이용 편의·혼잡 완화
8,단독주택,신혼부부,서울특별시 종로구,20,수납(5F),cause,수납 극대화,motivation,action,드레스룸·세탁실 수납 최적 배치
8,단독주택,신혼부부,서울특별시 종로구,20,수납(5F),action,드레스룸·세탁실 수납 최적 배치,result,result,협소 평면에서 수납 확보
8,단독주택,신혼부부,서울특별시 종로구,20,외피,cause,프라이버시 보호,motivation,action,보행자 방향 창 최소화(주방 소창 1개)
8,단독주택,신혼부부,서울특별시 종로구,20,외피,action,보행자 방향 창 최소화(주방 소창 1개),result,result,노출 저감
8,단독주택,신혼부부,서울특별시 종로구,20,외피,cause,자연 조망 극대화,selection,action,자연이 보이는 후면에 층별 대창 설치
8,단독주택,신혼부부,서울특별시 종로구,20,외피,action,자연이 보이는 후면에 층별 대창 설치,result,result,모든 층에서 자연 조망
8,단독주택,신혼부부,서울특별시 종로구,20,작업실(2F),cause,협소 평면의 답답함 해소,selection,action,큰 창 도입
8,단독주택,신혼부부,서울특별시 종로구,20,작업실(2F),action,큰 창 도입,result,result,탁 트인 체감
8,단독주택,신혼부부,서울특별시 종로구,20,성능,cause,냉난방비 우려(악플·합리적 의심),constrain,action,고성능 단열재 채택(예산 초과 품목)
8,단독주택,신혼부부,서울특별시 종로구,20,성능,action,고성능 단열재 채택(예산 초과 품목),result,result,실거주 에너지비 절감 확인
8,단독주택,신혼부부,서울특별시 종로구,20,성능,cause,성능 검증 필요,result,action,여름 전층 냉방 가동 테스트
8,단독주택,신혼부부,서울특별시 종로구,20,성능,action,여름 전층 냉방 가동 테스트,result,result,전기요금 약 3만원 수준
8,단독주택,신혼부부,서울특별시 종로구,20,성능,cause,난방 비용 확인,result,action,10월 가스비 약 8천원
8,단독주택,신혼부부,서울특별시 종로구,20,성능,action,10월 가스비 약 8천원,result,result,단열 성능 체감
8,단독주택,신혼부부,서울특별시 종로구,20,작업실(2F),cause,층간 이동 최소화,motivation,action,작업실 내 화장실·수납 일체화
8,단독주택,신혼부부,서울특별시 종로구,20,작업실(2F),action,작업실 내 화장실·수납 일체화,result,result,업무 몰입성 향상
8,단독주택,신혼부부,서울특별시 종로구,20,주방/거실(3F),cause,다기능 수용,selection,action,투사/파티/수업 대응 가능한 가변 배치
8,단독주택,신혼부부,서울특별시 종로구,20,주방/거실(3F),action,투사/파티/수업 대응 가능한 가변 배치,result,result,활용도 극대화
8,단독주택,신혼부부,서울특별시 종로구,20,전체,cause,협소주택 편견(계단·청소·냉난방 우려),constrain,action,실거주 데이터·동선 설계로 대응
8,단독주택,신혼부부,서울특별시 종로구,20,전체,action,실거주 데이터·동선 설계로 대응,result,result,우려 불식
8,단독주택,신혼부부,서울특별시 종로구,20,입지,cause,자연 선호(시골 여행 선호),motivation,action,도심 거주하되 자연 접경부 선택
8,단독주택,신혼부부,서울특별시 종로구,20,입지,action,도심 거주하되 자연 접경부 선택,result,result,집에서도 상시 자연 경험
8,단독주택,신혼부부,서울특별시 종로구,20,거실(3F),cause,상시 자연 체험,result,action,후면 전면창으로 녹지 조망 확보
8,단독주택,신혼부부,서울특별시 종로구,20,거실(3F),action,후면 전면창으로 녹지 조망 확보,result,result,도심 탈출 필요성 감소
8,단독주택,신혼부부,서울특별시 종로구,20,철학,cause,맞춤형 주거 신념,motivation,action,거주자 삶을 반영한 설계 지속
8,단독주택,신혼부부,서울특별시 종로구,20,철학,action,거주자 삶을 반영한 설계 지속,result,result,거주자 행복·편안함 극대화
8,단독주택,신혼부부,서울특별시 종로구,20,철학,cause,타인과의 적합성 다름 인지,selection,action,우리 부부 중심 최적화 수용
8,단독주택,신혼부부,서울특별시 종로구,20,철학,action,우리 부부 중심 최적화 수용,result,result,불필요한 타깃 확장 배제
8,단독주택,신혼부부,서울특별시 종로구,20,동선,cause,협소공간 이동 효율,selection,action,계단 중심 수직 동선 명확화
8,단독주택,신혼부부,서울특별시 종로구,20,동선,action,계단 중심 수직 동선 명확화,result,result,불편 체감 최소화
8,단독주택,신혼부부,서울특별시 종로구,20,시각,cause,협소 평면 시각 확장,selection,action,거울·대창·연속 개구부 활용
8,단독주택,신혼부부,서울특별시 종로구,20,시각,action,거울·대창·연속 개구부 활용,result,result,개방감 증대
8,단독주택,신혼부부,서울특별시 종로구,20,프라이버시,cause,거리 시선 차단,selection,action,도로측 창 비개구/축소
8,단독주택,신혼부부,서울특별시 종로구,20,프라이버시,action,도로측 창 비개구/축소,result,result,사생활 보호
8,단독주택,신혼부부,서울특별시 종로구,20,채광,cause,실내 밝기 확보,motivation,action,자연이 보이는 후면에 연속 채광 계획
8,단독주택,신혼부부,서울특별시 종로구,20,채광,action,자연이 보이는 후면에 연속 채광 계획,result,result,주야간 쾌적성 향상
8,단독주택,신혼부부,서울특별시 종로구,20,침실(4F),cause,프라이빗 영역 분리,selection,action,주방과 기능적 분리
8,단독주택,신혼부부,서울특별시 종로구,20,침실(4F),action,주방과 기능적 분리,result,result,수면 품질·생활리듬 유지
8,단독주택,신혼부부,서울특별시 종로구,20,세탁(5F),cause,협소 평면 효율화,motivation,action,수납·세탁 동선 일체 계획
8,단독주택,신혼부부,서울특별시 종로구,20,세탁(5F),action,수납·세탁 동선 일체 계획,result,result,관리 편의
8,단독주택,신혼부부,서울특별시 종로구,20,예산,cause,총사업비 제약,constrain,action,비필수 항목 절감·핵심 성능 투자
8,단독주택,신혼부부,서울특별시 종로구,20,예산,action,비필수 항목 절감·핵심 성능 투자,result,result,거주 성능 대비 만족 극대화
8,단독주택,신혼부부,서울특별시 종로구,20,확산,cause,대안 주거 인식 확산 의지,motivation,action,EBS 방영 후 문의 대응·가이드 제공
8,단독주택,신혼부부,서울특별시 종로구,20,확산,action,EBS 방영 후 문의 대응·가이드 제공,result,result,일반인의 협소주택 접근성 향상
8,단독주택,신혼부부,서울특별시 종로구,20,감성,cause,자연이 보이는 집 선호,result,action,모든 층에서 자연 프레임 연출
8,단독주택,신혼부부,서울특별시 종로구,20,감성,action,모든 층에서 자연 프레임 연출,result,result,여행지보다 집이 더 좋다는 체감
9,단독주택,취학 자녀가 있는 집,경기도 영평군,70,전체,cause,캠핑을 가고 싶은 아내와 집을 좋아하는 남편,motivation,action,단독주택 생활 시작
9,단독주택,취학 자녀가 있는 집,경기도 영평군,70,전체,action,단독주택 생활 시작,result,result,부부 모두 만족
9,단독주택,취학 자녀가 있는 집,경기도 영평군,70,전체,cause,제주도 바닷가 고택에서 지낸 경험,motivation,action,마당 있는 집의 필요성 깨달음
9,단독주택,취학 자녀가 있는 집,경기도 영평군,70,전체,cause,어렸을 때 주택에서 자란 기억,motivation,action,아이들에게 주택에서 자라도록 하고 싶음
9,단독주택,취학 자녀가 있는 집,경기도 영평군,70,전체,action,경기도권 땅 탐색,result,result,양평에서 적합한 땅 발견
9,단독주택,취학 자녀가 있는 집,경기도 영평군,70,전체,cause,양평역 접근성과 초등학교 인접성,motivation,action,양평에 집 짓기로 결정
9,단독주택,취학 자녀가 있는 집,경기도 영평군,70,주방,cause,부부가 집밥을 좋아함,motivation,action,넓은 주방 설계
9,단독주택,취학 자녀가 있는 집,경기도 영평군,70,주방,action,상부장 없는 11자 주방 선택,result,result,카페 같은 공간 확보
9,단독주택,취학 자녀가 있는 집,경기도 영평군,70,주방,cause,스테인리스 관리 어려움,constrain,action,세라믹 상판 선택
9,단독주택,취학 자녀가 있는 집,경기도 영평군,70,주방,action,세라믹 상판 선택,result,result,내구성과 관리 용이성 확보
9,단독주택,취학 자녀가 있는 집,경기도 영평군,70,주방,cause,요리하며 자연 풍경 보고 싶음,motivation,action,남쪽·서쪽 창 설치
9,단독주택,취학 자녀가 있는 집,경기도 영평군,70,주방,action,폴딩도어 설치,result,result,"노을 감상 가능, 환기 용이"
9,단독주택,취학 자녀가 있는 집,경기도 영평군,70,주방,action,넓은 테이블 배치,result,result,홈카페와 홈파티 가능
9,단독주택,취학 자녀가 있는 집,경기도 영평군,70,주방,cause,아이들이 어림,constrain,action,단순한 주방 구조 선택
9,단독주택,취학 자녀가 있는 집,경기도 영평군,70,주방,action,조명 설치,result,result,밤에는 홈바로 변신
9,단독주택,취학 자녀가 있는 집,경기도 영평군,70,거실,action,소파 커버 교체,result,result,포근한 분위기 조성
9,단독주택,취학 자녀가 있는 집,경기도 영평군,70,거실,action,식물 추가 배치,result,result,자연 친화적 분위기 강화
9,단독주택,취학 자녀가 있는 집,경기도 영평군,70,거실,action,소형 테이블로 식물 카페 연출,result,result,거실 활용도 상승
9,단독주택,취학 자녀가 있는 집,경기도 영평군,70,거실,action,빔프로젝터 활용,result,result,거실이 영화관으로 변신
9,단독주택,취학 자녀가 있는 집,경기도 영평군,70,거실,action,전동 스크린 설치,result,result,영화 감상 경험 향상
9,단독주택,취학 자녀가 있는 집,경기도 영평군,70,침실,cause,아이들과 함께 자던 습관으로 수면 질 저하,motivation,action,부부 수면 독립 결정
9,단독주택,취학 자녀가 있는 집,경기도 영평군,70,침실,action,싱글 침대 2개 배치,result,result,수면의 질 개선
9,단독주택,취학 자녀가 있는 집,경기도 영평군,70,침실,action,통창 설치,result,result,여행지 같은 아침 경험
9,단독주택,취학 자녀가 있는 집,경기도 영평군,70,침실,action,아이 침대 교체 후 직접 고르게 함,result,result,아이들의 애착 형성
9,단독주택,취학 자녀가 있는 집,경기도 영평군,70,침실,action,모지스 할머니 그림 걸기,result,result,자연 풍경과 어울림
9,단독주택,취학 자녀가 있는 집,경기도 영평군,70,아이방,cause,아이들이 레고 좋아함,motivation,action,레고 전시 책장 설치
9,단독주택,취학 자녀가 있는 집,경기도 영평군,70,아이방,action,넓은 식탁 배치,result,result,아이와 함께 공부 및 놀이 가능
9,단독주택,취학 자녀가 있는 집,경기도 영평군,70,아이방,action,책상 겸용 접이식 식탁 설치,result,result,재택근무 공간으로 활용
9,단독주택,취학 자녀가 있는 집,경기도 영평군,70,계단,cause,심심한 계단 공간,motivation,action,3m 코너창 설치
9,단독주택,취학 자녀가 있는 집,경기도 영평군,70,계단,action,코너창 설치,result,result,이동 중에도 풍경 감상
9,단독주택,취학 자녀가 있는 집,경기도 영평군,70,계단 밑,cause,아이들이 창고 공간을 놀이로 사용,result,action,아이들 아지트로 전환
9,단독주택,취학 자녀가 있는 집,경기도 영평군,70,계단 밑,action,아지트 공간 활용,result,result,"아이들 만족, 부모도 편리함"
9,단독주택,취학 자녀가 있는 집,경기도 영평군,70,지하 서재,cause,지하 구조의 특성,motivation,action,아늑한 공간으로 꾸밈
9,단독주택,취학 자녀가 있는 집,경기도 영평군,70,지하 서재,action,에폭시 바닥·콘크리트 벽면 활용,result,result,"차가운 느낌, 러그로 보완"
9,단독주택,취학 자녀가 있는 집,경기도 영평군,70,지하 서재,cause,책 읽는 공간 필요,motivation,action,작은 서재 설계
9,단독주택,취학 자녀가 있는 집,경기도 영평군,70,지하 서재,action,핑크빛 조명 설치,result,result,분위기 있는 공간 연출
9,단독주택,취학 자녀가 있는 집,경기도 영평군,70,지하 서재,action,냉장고 숨겨 설치,result,result,음료·간식 저장 편리
9,단독주택,취학 자녀가 있는 집,경기도 영평군,70,지하 서재,action,아이들이 보드게임·책 놀이,result,result,창의적 놀이 공간 형성
9,단독주택,취학 자녀가 있는 집,경기도 영평군,70,마당,cause,캠핑 욕구,motivation,action,마당에서 홈캠핑
9,단독주택,취학 자녀가 있는 집,경기도 영평군,70,마당,action,전구 설치,result,result,밤에 아늑한 분위기 연출
9,단독주택,취학 자녀가 있는 집,경기도 영평군,70,마당,action,자작나무 심기,result,result,겨울 숲 같은 풍경 조성
9,단독주택,취학 자녀가 있는 집,경기도 영평군,70,마당,action,태양열 전구 설치,result,result,밤에 트리처럼 변신
9,단독주택,취학 자녀가 있는 집,경기도 영평군,70,마당,action,아이들과 눈썰매 놀이,result,result,겨울 놀이 공간 창출
9,단독주택,취학 자녀가 있는 집,경기도 영평군,70,마당,action,튤립 식재 계획,result,result,봄의 변화 기대
10,단독주택,취학 자녀가 있는 집,경기도 김포시,71,마당,cause,아이들이 흙과 잔디를 밟으며 뛰놀 수 있게 하고 싶었다,motivation,action,전원주택 계획을 10년 앞당김
10,단독주택,취학 자녀가 있는 집,경기도 김포시,71,마당,action,전원주택 계획을 10년 앞당김,result,result,아이들이 자연을 경험할 수 있게 됨
10,단독주택,취학 자녀가 있는 집,경기도 김포시,71,본채-별채,constrain,담장 설치 불가능한 지구단위 계획구역,constrain,action,본채와 별채를 부지 양 끝에 배치
10,단독주택,취학 자녀가 있는 집,경기도 김포시,71,마당,action,본채와 별채를 부지 양 끝에 배치,result,result,프라이버시 확보
10,단독주택,취학 자녀가 있는 집,경기도 김포시,71,별채,action,데크 공간 배치,result,result,"홈캠핑 가능, 빗소리 즐김"
10,단독주택,취학 자녀가 있는 집,경기도 김포시,71,주방,cause,넓은 다이닝 공간을 원함,motivation,action,아일랜드와 붙박이장 설치
10,단독주택,취학 자녀가 있는 집,경기도 김포시,71,주방,action,아일랜드와 붙박이장 설치,result,result,"공간 확장, 마당과 연결"
10,단독주택,취학 자녀가 있는 집,경기도 김포시,71,주방,action,포켓도어로 마감,result,result,"시선 분산 요소 최소화, 공간 활용 극대화"
10,단독주택,취학 자녀가 있는 집,경기도 김포시,71,거실,cause,아이들이 자유롭게 오르내리며 놀 수 있는 구조를 원함,motivation,action,바닥을 50cm 낮추고 쿠션으로 둘러 설계
10,단독주택,취학 자녀가 있는 집,경기도 김포시,71,거실,action,바닥을 낮추고 쿠션으로 둘러 설계,result,result,아이들 놀이 및 독서 공간 활용
10,단독주택,취학 자녀가 있는 집,경기도 김포시,71,거실-서가,action,스킵플로어 적용,result,result,"주방·식당과 소통, 서가와 연계"
10,단독주택,취학 자녀가 있는 집,경기도 김포시,71,거실,action,대형 수조 설치,selection,result,"어항 로망 실현, 공간 포인트 제공"
10,단독주택,취학 자녀가 있는 집,경기도 김포시,71,거실,action,유리 난간 활용,result,result,공간 시야 확장
10,단독주택,취학 자녀가 있는 집,경기도 김포시,71,거실,action,2층까지 책장 설치,result,result,가족 독서 공간 확보
10,단독주택,취학 자녀가 있는 집,경기도 김포시,71,거실,action,빔프로젝터 감상 공간 확보,result,result,영상 감상 가능
10,단독주택,취학 자녀가 있는 집,경기도 김포시,71,침실,cause,아이들이 아직 어려 여럿이 함께 사용할 수 있게 하고 싶음,motivation,action,가변형 벽체 설치
10,단독주택,취학 자녀가 있는 집,경기도 김포시,71,침실,action,가변형 벽체 설치,result,result,다양한 활동 수용 가능
10,단독주택,취학 자녀가 있는 집,경기도 김포시,71,중정형 마당,cause,아이들이 안전하게 뛰놀 수 있도록 하고 싶음,motivation,action,중정형 마당 설계 및 철재·목재 루버 설치
10,단독주택,취학 자녀가 있는 집,경기도 김포시,71,중정형 마당,action,루버 설치,result,result,프라이버시 확보 및 물놀이 가능
10,단독주택,취학 자녀가 있는 집,경기도 김포시,71,마당,action,루버 벽체 설치,result,result,"풍경 시각적 확장, 미묘한 재미"
10,단독주택,취학 자녀가 있는 집,경기도 김포시,71,마당,action,넓은 마당 조성,result,result,아웃도어 활동 활용
10,단독주택,취학 자녀가 있는 집,경기도 김포시,71,회랑,action,벤치 설치,result,result,아이들이 앉아 쉴 수 있는 공간 제공
10,단독주택,취학 자녀가 있는 집,경기도 김포시,71,별채,action,캠핑용품 수납 및 레저 공간 구성,result,result,홈캠핑·연주·운동 등 다목적 활용
10,단독주택,취학 자녀가 있는 집,경기도 김포시,71,별채,action,레트로 게임기 설치,result,result,온 가족 오락 가능
10,단독주택,취학 자녀가 있는 집,경기도 김포시,71,별채,action,대형 출입문과 석재 타일 설치,result,result,"차량 진입 가능, 지인과 캠핑 가능"
10,단독주택,취학 자녀가 있는 집,경기도 김포시,71,집 전체,constrain,예산 부족,constrain,action,서울 아파트 처분 후 외곽 전세 생활
10,단독주택,취학 자녀가 있는 집,경기도 김포시,71,집 전체,action,자연과 연계된 설계,result,result,내외부 공간 연계 강화
10,단독주택,취학 자녀가 있는 집,경기도 김포시,71,집 전체,cause,집콕 라이프를 즐겁게 하고 싶음,motivation,action,공간 곳곳 다기능 설계
10,단독주택,취학 자녀가 있는 집,경기도 김포시,71,집 전체,action,다기능 공간 설계,result,result,주말에도 외출 없이 즐거운 생활 가능
11,단독주택,취학 자녀가 있는 집,경기도 고양시 덕양구,58,집 전체,cause,단열이 좋지 않아 겨울에 너무 추웠다,motivation,action,구옥 철거를 결심
11,단독주택,취학 자녀가 있는 집,경기도 고양시 덕양구,58,아이 방,cause,아이가 태어나 방을 만들기 어려운 구조였다,motivation,action,새 집을 설계하기로 함
11,단독주택,취학 자녀가 있는 집,경기도 고양시 덕양구,58,집 전체,cause,남편은 아파트처럼 편리한 곳 선호,selection,action,아내가 주택을 주장
11,단독주택,취학 자녀가 있는 집,경기도 고양시 덕양구,58,집 전체,action,주택으로 결정,result,result,설계 단계에서 생활 편의 아이디어 반영
11,단독주택,취학 자녀가 있는 집,경기도 고양시 덕양구,58,집 전체,constrain,예산과 선택의 제약,constrain,action,건축 관련 책 참고 및 밤새 회의
11,단독주택,취학 자녀가 있는 집,경기도 고양시 덕양구,58,주방,action,상부장을 최소화하고 오크 원목 선반 설치,result,result,집이 심심해 보이지만 햇살이 공간을 채움
11,단독주택,취학 자녀가 있는 집,경기도 고양시 덕양구,58,다용도실,action,냉장고를 보조 주방에 배치,result,result,주방 미관 개선
11,단독주택,취학 자녀가 있는 집,경기도 고양시 덕양구,58,주방,cause,아이와 함께 요리하고 싶었다,motivation,action,ㄷ자형 주방 설계 및 평상과 맞닿은 구조
11,단독주택,취학 자녀가 있는 집,경기도 고양시 덕양구,58,주방,action,아이와 요리 동선 공유,result,result,아이의 참여와 학습 기회 제공
11,단독주택,취학 자녀가 있는 집,경기도 고양시 덕양구,58,다이닝,action,2층까지 오픈된 void 구조,result,result,빛의 변화를 식탁에서 즐김
11,단독주택,취학 자녀가 있는 집,경기도 고양시 덕양구,58,게스트룸,action,우드 폴딩도어 설치,result,result,손님방으로 전환 가능
11,단독주택,취학 자녀가 있는 집,경기도 고양시 덕양구,58,게스트룸,constrain,침대를 두기 부담됨,constrain,action,평상으로 대체
11,단독주택,취학 자녀가 있는 집,경기도 고양시 덕양구,58,1층 화장실,constrain,비용 문제로 원목 수납장 대신 E0 자재 사용,constrain,action,우드 느낌의 수납장 제작
11,단독주택,취학 자녀가 있는 집,경기도 고양시 덕양구,58,거실,action,TV 대신 스크린 설치,result,result,"계단이 객석, 평상이 무대 역할"
11,단독주택,취학 자녀가 있는 집,경기도 고양시 덕양구,58,중층 거실,action,드레스룸과 욕실 비중을 키우고 침실을 옥탑에 배치,result,result,침실이 아늑한 최소 공간이 됨
11,단독주택,취학 자녀가 있는 집,경기도 고양시 덕양구,58,드레스룸,cause,옷 욕심이 많았다,motivation,action,트럭으로 옷을 처분하고 미니멀화
11,단독주택,취학 자녀가 있는 집,경기도 고양시 덕양구,58,드레스룸,action,수납공간을 계단 밑까지 확장,result,result,효율적 공간 활용
11,단독주택,취학 자녀가 있는 집,경기도 고양시 덕양구,58,안방 욕실,action,베이비핑크 도장 및 직구 액세서리 설치,result,result,사랑스럽고 개성 있는 욕실 완성
11,단독주택,취학 자녀가 있는 집,경기도 고양시 덕양구,58,욕실,constrain,큰 욕조를 넣기 위해 침실 면적을 포기,constrain,action,욕실에 욕조 설치
11,단독주택,취학 자녀가 있는 집,경기도 고양시 덕양구,58,2층 거실,action,"사다리와 책장, 그물침대 설치",result,result,아이와 부모 모두가 즐기는 놀이+독서 공간
11,단독주택,취학 자녀가 있는 집,경기도 고양시 덕양구,58,남편 동굴방,cause,개인 취미 공간 필요,motivation,action,계단 속 은밀한 방 설계
11,단독주택,취학 자녀가 있는 집,경기도 고양시 덕양구,58,2층 욕실,action,욕조 대신 샤워 공간과 민트블루 타일 포인트,result,result,아이에게 적합하고 깔끔한 욕실
11,단독주택,취학 자녀가 있는 집,경기도 고양시 덕양구,58,아이 방2,action,복층 구조와 수납계단 설계,result,result,좁은 공간의 효율적 활용
11,단독주택,취학 자녀가 있는 집,경기도 고양시 덕양구,58,다락,action,차와 명상 공간으로 사용,result,result,집중과 겸손의 공간 제공
11,단독주택,취학 자녀가 있는 집,경기도 고양시 덕양구,58,별채 다실,cause,차 연구와 보관이 필요,motivation,action,3평 규모 다실 설치
11,단독주택,취학 자녀가 있는 집,경기도 고양시 덕양구,58,정원,action,본채-별채 브릿지 중심으로 앞뒤로 분리,result,result,운동장/간이수영장 등 다양하게 활용
11,단독주택,취학 자녀가 있는 집,경기도 고양시 덕양구,58,집 전체,cause,부부가 원하는 자기다움 존중,motivation,action,아내 다실과 남편 동굴방 마련
11,단독주택,취학 자녀가 있는 집,경기도 고양시 덕양구,58,집 전체,action,순환형 동선 설계,result,result,아이 성장 후 취향에 맞춰 변형 가능